X,Y
OC1CC2OC3(CC3)C12,False
OC1=C(O)C(=CN1)C#C,False
CCC1C(OC1=N)C=O,False
CC1=NN(C=N1)C1CC1,False
OC1CC2CC1C(=O)O2,False
C1CC1N=C1CCCO1,False
C1CC2C3C4N3C2C4=C1,False
CC12CC1CN2C=O,False
CC12OC(=N)C1C1OC21,False
CC(=O)OCC#N,False
COC1OCC=C1CO,False
CN1N=C(CO)C=C1O,False
NC1=CN=C(O)C=C1F,False
CC12C3CC1C(=O)C2O3,False
O=C1OC2CC1C2C#C,False
OCC(O)C1OC2CC12,False
C1OC23CC4C(C2)OC134,False
N=COC1CCOC1,False
CC1(O)CN2CC(=O)C12,False
CC12C3C4CN(C14)C23C,False
CC1OCC1OC(C)=O,False
OC1C=CC2CN3C2C13,False
CCCC(=O)OC(C)C,False
OCC1OC2C3NC3C12,False
CCNC1=NC=CN=C1,False
CC(O)CCOC=N,False
CCC12COC1COC2,False
CCCC12CN(C1)C2C,False
CC1C2N1C(C)C2=O,False
CCCC1=CC(C)=NN1,False
CC1CCC(N)(C1)C#N,False
OCCN1C2CC1C2O,False
ON=C1C=CC2CC12,False
CN=C1CCC(=O)CO1,False
CC(O)CC(=O)NC=N,False
OC1CC2C3CC2C1C3,False
CN1C2C=CCC12C=O,False
C1OCC2COCC1O2,False
OCC(O)C(C#C)C#C,False
COCC1C2CC(C)C12,False
OC12CC(C1)C(C2)C=O,False
COC=NCC1COC1,False
CC(C)N1N=CC=C1N,False
O=COC1CCC1,False
CC(O)C#CC(O)CO,False
CNC(=O)C(C)N1CC1,False
CC(O)C1=CCCC1O,False
CC(C)C(CC=O)=NO,False
CCC(CC)(CO)OC,False
C#CC1OCC11COC1,False
COCC1=CC(N)=CO1,False
C1OC11CCCC11CO1,False
CNC(=O)C(C)OC=N,False
CC1(C)OC2CC1C=C2,False
CC1CCCC(CO)=C1,False
CN1CC2(OCC12)C#N,False
ON=C1C2CC1OCC2,False
CC(O)C(C#N)C1CC1,False
CC1=CC2CCOC1O2,False
CC1NC11C2OC2C1O,False
OCC(=O)C12CC1CO2,False
NC12COC1CNC2=O,False
OCC#CC(=O)C1CN1,False
N=CN1C=CCOC1=N,False
C#CC12CC1C1OCC21,False
CN=C(C)OC1(C)CC1,False
CC(C)C(=O)C1(C)CC1,False
OC12CC3C=CC1C23O,False
COCC1(O)CC1(C)O,False
CN1C2CCOC(=N)C12,False
OCCCC(O)C=O,False
CC1CC2=C(N1)OC=N2,False
CC1=CCN2CC12C#N,False
CC(O)C(CO)C(C)O,False
CC12CN3CC1C23C=O,False
O=CNC1=CC(=O)CC1,False
CC(=O)C1CC1(C)C#N,False
CC1(C#C)C2CC(=O)N12,False
NC1C2CC2C1(O)C#N,False
CCCC1=COC(C)=N1,False
O=C1CC2OC3CN1C23,False
CC1CC(C)(C)C(C)=C1,False
CCCC1CC2OC12,False
CC1CC(C#N)C11CC1,False
CC1OC1C1CC(=N)O1,False
C#CC1CC2(CN2)C=C1,False
CC1CC1(C#N)N(C)C,False
CCC1CC1C(C)C,False
ON=C1COCC1C#C,False
CC1CC(CC=O)CO1,False
CCNC(=N)C(=O)CO,False
N=C(C#N)N1CC1C=O,False
N=C1OC=C2NCCN12,False
CC1=CN=CC(F)=C1,False
NC=NC1=NNC(=O)N1,False
CC1=CC2(C)OCC1O2,False
CC1(CC1CO)C1CC1,False
CCC12CC3C(O1)C3O2,False
O=C1CC2(CC2)C=C1,False
C1C2C3OC4CC3C4N12,False
OCCC12COCC1O2,False
O=CC(CC1CC1)C=O,False
O=CC1=CC(=CN1)C#C,False
CC1(C=O)C2OC(=N)C12,False
CN=C1NC(O)=C(C)O1,False
CCC12CC3CC(O1)C23,False
CC1COC11CCC=C1,False
CC1(O)C2CCC1C=C2,False
CN1C(CO)C2OCC12,False
CCN1C=C(NC)C=N1,False
CC1N2C(C)CC12C=O,False
OC1C2C3C=CC1C23O,False
OC1C(=O)C2CC12C#N,False
CC12CC3C(CN13)C2O,False
CC1C2CC1(C)COC2,False
CC1NC1CC#N,False
CN1CCC2=C1N=CN2,False
CC1CC1N1C=NC=N1,False
CC1C(C)C2(CC2)C1C,False
O=CCCOC=O,False
CN=C1NN=CC=C1N,False
ON=C1CC2(O)CC1C2,False
NC(=N)C(=O)OC1CC1,False
OC1COCC(O)C1,False
CC12CN1CC(CO)=C2,False
N=C1OC2C3C4OC13C24,False
CC(=N)OCC(O)C#C,False
CCCC1(CC)CCC1,False
C1C2C3C4COCC24N13,False
CCCOCCCCO,False
COC1C(C)C2OC12C,False
CC(OC=O)C=O,False
C1CC2C3OC3C12,False
CC12CC(C1)C=CCO2,False
NC1=NNC=C1NC=N,False
OCC(OCC#C)C#C,False
CCN=C1OC(C)C1O,False
NC1=C(O)N=C(CO)N1,False
CNC(=N)N1N=NN=N1,False
CC1(CC(O1)C=O)C#C,False
C1C2C1C1OC21,False
CC1C2C3C(C=O)C2N13,False
CC1C(CO)CC1C#N,False
CC1(O)CN2CC2C1O,False
C1C2C3CC3C3(CO3)C12,False
CC1C2C3CC=C1C23O,False
CC(O)C1C2C3CN3C12,False
CC1C2C(C=O)C(=O)N12,False
N=C1COC(O1)C#N,False
COCC(=O)CC(C)=O,False
OC1C2CCC3CN3C12,False
COC1(C)CCC1,False
CNC1=NOC(C=O)=N1,False
CC12C3C4CC1(O)C2C34,False
CC(C=O)C12CC1OC2,False
CC(CO)C(C)C=O,False
COC(C1CN1)C(N)=O,False
NC(=O)C12COCC1O2,False
CC1(C)CCC1(O)C#N,False
CCC1(NCC=C1)C#N,False
CC1C2CCC1C2C=O,False
CCC(C)(C)C#N,False
O=C1C2CCC3OC2C13,False
O=CC12CC=CCC1N2,False
CCC1(CC1(C)O)C#N,False
CC1CC(CO)C11CC1,False
CC1=C(CC#C)N=CN1,False
OCC12NCC1(O)C2O,False
NC(=O)CC(C=O)C#C,False
C#CC1CCOCCO1,False
O=C1CC2NC12CC#N,False
OC12CCC3CC1C2O3,False
O=CNC12CC(C1)C2,False
CN1C(=O)NN=CC1=O,False
CC1C2OCC2(C)N1C,False
CC12C3OC4C(C13)C24C,False
O=CCN1C2C3NC3C12,False
CC1OC11CC2OC12C,False
CCC12CC(C)C1O2,False
O=CC1=C(C=O)N=CN1,False
CC1=C(C)C2(O)CC2C1,False
OCC12CC3CN1C23,False
OC1CC(=N)OC1=O,False
OCCCCOC1CC1,False
CN1CC2OC2CC1=O,False
OCCCCC#CCO,False
CCC1=C(N)OC(C)=C1,False
CC#CC1=NC=C(O)N1,False
NCC(N)(CN)C#N,False
CC12OC3CC1C1C3C21,False
CC1C2C(C)C1C2C#N,False
CN=CNC(=O)C(C)C,False
NC(C#N)C1CC1,False
CC12OC34CC=C(C13)C24,False
C1NC23COC12CC=C3,False
CC(N=CN)(C#N)C#N,False
COC(=O)C(C)C(C)O,False
CCN=C1C=NON=C1,False
NC(=N)N1N=NOC1=O,False
OC1=CC(=CN=C1)C#N,False
CC1=CC(NC=O)=NO1,False
CC1(CC1)C1=CC=NN1,False
CC1=CC2C3C=CC1N23,False
O=C(C#C)C1=CON=C1,False
C#CC1OC2CC12C#C,False
COC12CC3C4C(C14)C23,False
COC1(CCC1)C1CN1,False
N#CCCC1COC1,False
CC1(C)C(O)C1OC=O,False
OC1COC(=O)C11CC1,False
CC12NC(=O)C1(C)C2O,False
OC1C2NC2C1N1CC1,False
CC12CC1(C)N=COC2,False
CCC12CC1CC1OC21,False
OC12CC1OC2C1CO1,False
CCC12CC1(O)C1OC21,False
OC1C2CC2C11COC1,False
OC12COC3OC1CC23,False
NC(CC(O)C#C)C#N,False
OC1COC2=CNC=C12,False
CCC12CCC1C1CC21,False
OC1CC2CC1C1CC21,False
CC1CC(=O)C1O,False
CNC1=C(N)ON=C1O,False
OCC1CC2C(O)C2C1,False
CCN1N=NC(CO)=N1,False
O=C(C#C)C1CC=CC1,False
CNC(=O)N1N=CN=N1,False
NC1=C(NC=O)OC=C1,False
NC(=O)CN1N=NN=N1,False
CC1(O)C2OCC=CC12,False
OC1C(=O)C2OC12C#C,False
CC1OC2C1C2(C)C#C,False
C1CC11COC2CN1C2,False
O=C1OC(CC=C1)C#C,False
OC12C3C1C1C3CC=C21,False
NC1=CN(C=N1)C1CC1,False
CN1C2C1C(C)(C)C2=O,False
CC12CC1OCC2=O,False
ON=C1CCOC(=N)C1,False
CC1(C)NC1C1(C)CN1,False
O=CN1C=C(N=N1)C#C,False
CC1(C)CCCC1(C)O,False
CN1C=NC=C1CC=O,False
CC1(C)CC2CC2O1,False
CN(C)C(=O)N(C)C,False
OC1CCOC1C1CN1,False
C#CCC12CC3OC1C23,False
CC1CC2(O)C3CN3C12,False
OC12C3CC(CC13)C2=O,False
OC1CN(C=O)C11CC1,False
OCC12C3CC1C1C3N21,False
C1N=COC2=NON=C12,False
CC1C(CC=O)C1(C)C,False
CC1CC(C)(C)CC=C1,False
CC1CC1OCCC#N,False
O=CC1CC2C3C1CN23,False
CC12CC(CC#C)(C1)C2,False
CC12NCC3OC1C2O3,False
OCC1C2CC(=O)CN12,False
C1CC2(O1)C1C3CC2N13,False
O=C(C#N)C1=CNN=C1,False
NC1=C(NC=O)NN=C1,False
COC(C)=NC(C)(C)C,False
COCC(O)C1CC1,False
CCN=CN(C)C(C)=O,False
CC(C)(O)C1(CO)CN1,False
C1OC23CN(CC=C2)C13,False
CC1=C2NCC2NC1=O,False
C1CC2COC3C1C3C2,False
CC1C2C1C(=O)N2C=O,False
O=COC1CCOCC1,False
OC(C#C)C12CCC1N2,False
CCCN1N=CC=C1O,False
CC(=O)OC1(CO)CC1,False
N#CC1C2CC3CC2C13,False
OC12COC3C4C1N4C23,False
NC1=CC(C=O)=NO1,False
CC12C3C=CC1(C)CN23,False
NC1=C(N=NO1)C#N,False
ON=C1CC(=O)C2OC12,False
O=C1CNCCC11CC1,False
CC(O)(C#C)C(O)C#N,False
OC1C2CCCC(=O)C12,False
O=C1COC2(CCC2)C1,False
C1C2OC11C=CCCC21,False
CN1CC1(C)C1CCC1,False
CC1CCC11OC1C#C,False
CC12C3CC1(O)COC23,False
OC1=CC(NC=N)=NN1,False
CC1=CCC2C1N2C=O,False
COC(=O)N(C)CC#N,False
C(C1CC1)N1CC1,False
CC(O)C(C)(O)CC#N,False
OC1CC2COCC2=C1,False
NC1=C(N)N=C(N1)C=O,False
CC1C2N1CC2(O)CO,False
CC12CC=CC1C1CC21,False
CC12OC1C(O)C2=O,False
CCOCC(=O)C1CC1,False
CC12CCOC1=NCC2,False
COC1(C)C=CC2CC12,False
OC1CCC2OC2C1=O,False
CC12CC3(C)NC3C1N2,False
OC1=NOC(CC#C)=C1,False
CC1C=CC2OC12C,False
CC1=C(O)N=NO1,False
CCCC1CCNC1=O,False
CC1=CCCCC11CC1,False
NC1=NOC(=O)N=C1F,False
CNC1=C(C)C(N)=NO1,False
O=CC1CC=CC2NC12,False
COC12C3CC1C=CC23,False
CC12CN3CC(O1)C2C3,False
OC(C#C)C1COC1=N,False
C#CC1OC11CC2CC12,False
O=CC1CC2CCC2C1,False
CC12C3CC(C1C#N)N23,False
CCCC1=CNC(N)=C1,False
CC1CC(=N)OCC1O,False
COCC1CC(=O)CN1,False
C1C2C3N=C4OC1C4C23,False
CC(C)C1OCCC1=O,False
CCC1OC1(CO)C=O,False
CC1=C(ON=C1)C#C,False
CN(C)C1=NC=CN1C,False
CC1C(C=O)N1C1CC1,False
OC12CC1(C=O)C=CC2,False
CC12CCOCC1N2,False
CC1OC1C1CN=CO1,False
C1C2C1C1CCC21,False
O=C1OCC2C3CC3C12,False
CC1CC=CC11CN1,False
O=CC1OC11C2CC1N2,False
OCC(=O)N1CC1C#C,False
C1CC1C1CCC=C1,False
N=C1N2CCC2CC1=O,False
COCC12CC(O1)C=C2,False
CCC1CC=CC1C,False
CC1=C(O)N(C=O)C=N1,False
CC(N)C(=O)NC(N)=O,False
N=C(CC=O)OCC#C,False
OC1C2CC3C2C13C=O,False
N=C1OC2CC2C11CC1,False
OC1C2C3C4COC13C24,False
O=CC1CC11CN2CC12,False
O=CC1C2CC3CN3C12,False
CCCC(O)C(=O)OC,False
CN=C1OCC1(C)C=O,False
CN1N=NOC1=N,False
OC1COC(=NC1)C#N,False
CC1=CN=C(C)C(=O)N1,False
CC12OC3(CC1C23)C#C,False
CC1C2CNC(=O)C12,False
NC1=NNN=C1C#C,False
CC1(C)N=COC1C=O,False
CC1=C(N=NO1)C1CN1,False
O=CC1(CN1)C#CC#N,False
CC(OC=N)C1(O)CC1,False
OC1CNC(=O)NC1,False
CC1CN1C(CO)C#C,False
COC1(C=O)C2CC1O2,False
CCC(CC(C)C)C#C,False
C1OC11CC2C3CC1N23,False
CC1NC(C=O)C2OC12,False
OC(C#C)C12CC(C1)O2,False
OCC1C2CC1(N2)C=O,False
CCC(O)CC(C)CO,False
CC(C)C1CC1C(C)C,False
O=CCC1CCCOC1,False
OC12C3OC1C(=O)OC23,False
FC1=NC=C(C=O)C=N1,False
CCN1CC1C1CO1,False
CC(C)N=COC(N)=O,False
O=C1CCN2N=NC=C12,False
OC12CC1(O)C1OC21,False
C1CC23CC4CC12CC34,False
CCC12CC(O1)C2O,False
CC1=C(COC1=N)C#N,False
N#CC12COC(CN1)C2,False
OC1C(NCC1=O)C#N,False
CC1C2CC(C3CN3)N12,False
CC1=CC2C3OC1(C)C23,False
CC12CC1CC2N1CC1,False
CC12C3C4C3C1C4C2O,False
CC(=O)C1(CO1)C1CC1,False
CC1=C(OC=O)N=CO1,False
N#CCCC1(CN1)C#N,False
OC1CC2OC1C1CC21,False
COCC1OC1(C)C#N,False
C1C=CC2OC2C=C1,False
CC1(CCO)OC1CO,False
CCC(OCCO)C=O,False
CC12CC1CC(=N)OC2,False
OCC(O)(C=O)C#C,False
CCCOC(N)=O,False
CC1CCN(CC1)C=O,False
CC(O)C1=NNC=C1C,False
CC(CO)C1CCC1O,False
CC(C)(OCCO)C=O,False
NC1=CNC(CC=O)=C1,False
CCCC1NCC1=NO,False
C1OC2C3OC2C3C=C1,False
CCC#CC1=NC=NO1,False
O=C1C2C3NC1(C#C)C23,False
CCCC#CC(C)OC,False
COC,False
CC1COC11CN2CC12,False
OC1C2C3C4C3N2CC14,False
C#CC1OC1C1CCO1,False
CC1OC2(C)CCC12C,False
CC1OC1(C=O)C=O,False
CC1CN1CC(F)(F)F,False
CC1C2C3N1C(=N)C23O,False
NC1=NNC(=O)C(=N)N1,False
CC1(C)OC(=O)C1(C)C,False
CCC#CC(=O)C1CO1,False
CC1(C)COC1C1CN1,False
CC(=O)NCC(=O)C#C,False
NC1=NC=CC=N1,False
O=C1OCCOC11CC1,False
CC12CC(C1)N2C=O,False
N#CC12CC3OC3C1N2,False
O=CNC1CCNC1=O,False
CC12C3CN1C(=O)OC23,False
CC12C(CO)C1OC2=N,False
CCCOC1COC1,False
C1C2C3N4CC=CC13C24,False
OC1C=CCC2CC12O,False
CC12CN1C1CCC=C21,False
OC1C2C3CC1C=CC23,False
O=C1CC2C=CC(=O)N12,False
CCC12OC1C(O)C2O,False
OC1COC2CC12C=O,False
CC(=O)C12CC1(O)CN2,False
O=C1NCCNC(=O)N1,False
CC1=NCCCOCO1,False
CCCOCC1(C)CO1,False
OCC1CC(C1)NC=O,False
COC(C#N)C#CC=O,False
O=CC12CC(C1)OCO2,False
CC12CC(O)C1=CCO2,False
C1NC1C12NC3C1NC23,False
OC12COC11CN(C1)C2,False
OCCC1(O)CC1C#C,False
FC1=NC(=O)N=CO1,False
CC1C2CC3(C)CC1C23,False
O=C1CN=CN1,False
C(C1CO1)C1=NC=NN1,False
O=C1C2C3C4CC2C1N34,False
CC#CC(CO)N1CC1,False
CC1CC1(O)CC#C,False
CC1=C2OCCN2N=C1,False
OC1CC1NC=O,False
CC1=NN2CC(O)C2=N1,False
CC1=CON=CC1=O,False
N#CCC1=CN=CC=N1,False
N#CC1CC2(CC2)C=C1,False
CC12NC3CN(C13)C2=O,False
C1CN(C1)C1=NCCO1,False
OC1CC2(O)C3CC2C13,False
C1C2C3C1C21CC=CC31,False
C1C2C1C1CC2C11CO1,False
O=C1COCCC1C#C,False
CN(C)C1COC1CO,False
CC12CCC1(O)C(=N)N2,False
CN1N=C(N)C(N)=C1C,False
CC(C#N)N1N=CN=N1,False
CN(C)C(=O)CC=O,False
CC(=O)C1=COC=C1C,False
OC12C3C4N=C1NC2C34,False
CN=COCC(C)C,False
O=CC1=CC2(CN2)CC1,False
CNC(=O)C1(CC1)C#N,False
O=CCOCCCC#N,False
CC(=O)C1=CNN=C1,False
CC(NC=O)=NCC#N,False
OCCC1CC(CO)O1,False
O=C1NCC2=CC=CN12,False
CCN1C2C3CC3C12,False
NC(=O)C1=CON=C1,False
CC(O)C1C(C)N1C=O,False
OCC1(NC1C#N)C#N,False
CC12OC3CC1C3C2=O,False
CCC(O)C(O)C(C)=O,False
C#CC#CCC1CC1,False
CC12CC3C(CN13)C2=O,False
OC12CCC3C1COC23,False
OC1C2C3OC1C(O)C23,False
CC1CCOCCO1,False
CC1CC2CC12C(C)=O,False
CN=C1OC2(CC12)C=O,False
NC1C(=O)OC2CC12O,False
C1OC2C3CC12N=CO3,False
OC1C=CC2NC2C1=O,False
COC(CC=O)C(C)O,False
COC1CC(C)(C)C1C,False
CC1(O)CC(=O)C1CO,False
COC12CN(C)C1C2C,False
CCC1CC2CCC1C2,False
CC(C)(C=O)C1CC1,False
CC1=NC(=CN1)C#C,False
N=C1OC(=O)OC2CC12,False
C1CC(C1)C1COC=N1,False
CC1C2C3CC1C(C)N23,False
CCC(NCC=O)C#N,False
OC1=CC(C=O)=CC=N1,False
CC(O)C1CC2(C)NC12,False
CC#CC1(CCO1)C#N,False
CN(C)C1=CC=NO1,False
O=C1CN=C(CC#C)O1,False
OC12C3NC1C1C3OC21,False
CC1=C(C)C=C(N1)C#N,False
OC12CC(O)(C1)C=C2,False
CC(C)NC1=COC=N1,False
CC1(O)C2CC1C2O,False
OCC(CC=O)C1CO1,False
CCC(=O)COCC#N,False
NC1=NC(O)=NN1C=O,False
CCC1CC1(CC)CC,False
CC1=C2C=CCN2C=N1,False
OCC1CC(=NO)C1O,False
CN1C(=O)CC(N)C1=O,False
CCC1OC(C#N)C1O,False
CC12CC3C1OC2C3=O,False
C1CC2(CC3NC3C2)O1,False
COC1C2NC1(C)C2=O,False
C1CC2(C1)C1C3CC1C23,False
CC1(O)CC1CC1CC1,False
O=C1CNCC1CC#N,False
ON=C1CC2NC12C#N,False
CC1CCC2(CO2)C1=O,False
CC1NC(=N)C11CO1,False
O=CC#CCCCC#N,False
CC1N2CC=CC12C#C,False
CCC12CC3C4C1N4C23,False
COC1(C)CC(O)C=C1,False
OCCC1OC(=N)C=C1,False
OC1C2NC2C1(O)C=O,False
OC1C2CC1C2,False
CC12CCC(C)(O1)C2O,False
CCCC(CC#N)OC,False
OC(C=O)C#C,False
CC1CC=C(C)C1(C)C,False
CCC1C2OC1(C)C2=O,False
O=CCCCCCC#N,False
NC1=NNC2=C1CC=C2,False
OC1COC2CCC=C12,False
CCC(COC=O)C#N,False
CCC1(CCOC)CC1,False
CC12C3C1C1(C)OC2C31,False
CC1N(CC=C1C)C=O,False
COCC1C2CN1C2,False
CC1CC=CCC(O)C1,False
CC(O)C1C(O)CC1O,False
N#CC12CC(C1)OCC2,False
CCC1=C(O)NC=C1,False
CC12CC1(CCO)OC2,False
N=C1CN(C=O)C(=O)N1,False
CC1(C)C2OC(=O)C12C,False
CC#CC12CC1N1CC21,False
OC1(CCCC=C1)C=O,False
CCC12CCC1CC2=O,False
CC12CC1C1CC2(C)O1,False
CC12CCC(C1O)C2O,False
CC12CC(O)C1C1OC21,False
OCC12NC=NC1C2O,False
OC12C3C1N1C3C21C#N,False
CC(=O)C1CNC1=O,False
C#CC1=CC2(CC2)OC1,False
CCCC1CC1(C)C,False
CC1(O)C2CC1(O)C2,False
CC1CC=CC2OC2C1,False
O=CC12CC1(CC2)C#C,False
CC(=O)N1CC(C)(C)C1,False
CCC(O)C(CC)CC,False
C1OCC1C1CC2OC12,False
CN1C=C(O)C(O)=C1O,False
CN=C1C(C)CN1C=O,False
CCCNC(=O)OCC,False
CC1OCC1NCC#N,False
CC1=CC(=O)OC(O)=N1,False
COC=NC(C)CC=O,False
CC1(COC1)C(=O)CO,False
OCC1(CC1)C(O)C=O,False
COC(C)CC(C)=O,False
CNC1=CC(=O)N=CO1,False
CC(CO)C1=CC=CN1,False
CC1C2C3C4C2CC1N34,False
CC1=NC(=NO1)C#C,False
CC(C)CN1C=CN=N1,False
CCC1NC(=O)OC1=N,False
CC1=NNC2=C1OCO2,False
NCC1(NCC1O)C#N,False
COCC1CC1,False
COCC12CC1(O)CC2,False
COC(C)C(=O)C(N)=O,False
NC(=O)C1=NC=C(N)O1,False
CC1CCC2C(C#C)N12,False
CCC(C)OC(=O)C=O,False
COC1=C(O)OC(=O)N1,False
OC(C=O)C(C=O)C#C,False
CC1(C)OC1CC#N,False
CNC1=NC(O)=C(C)N1,False
CCC(CO)CC#N,False
OCC1(NC1C#C)C#N,False
NC(CC#N)C#C,False
NC(=O)NC1=NC=CO1,False
NC1=CC(=NO1)C1CO1,False
CCC(CC)C(=O)OC,False
CC1(O)CN2CCN=C12,False
CCC1(CC)CC1O,False
O=COC1C=CNC1=O,False
O=C1CC2NC(=O)CC12,False
O=CNC1C2C3OC3C12,False
O=C1C2CCC2C11CO1,False
CC1CCC(C)C(C)C1,False
NC(=N)C1=NON=N1,False
C#CCC12CC=CC1N2,False
O=C1NC2CCOC2O1,False
CC1(O)CN2CC(O)C12,False
CC1=NC(=CO1)N1CC1,False
OC1=NOC=N1,False
CC1OC2(C#N)C(N)C12,False
CC1COC(CO)C1,False
CN1C2C(O)C1C2O,False
CC(CCNC=O)C=O,False
C1C2C3C4C=CC3C4N12,False
CC1(CO)C=CC2OC12,False
ON=C1C2CC2C2OC12,False
OC12CC1(NC2)C#C,False
C#CC1C2C3CC1CN23,False
CCCC(CC#N)C=O,False
OC1C2C3OC2C(=O)C13,False
C#CC#CC1=NC=CO1,False
CC1(CC1C#N)NC=O,False
CC(C)(OCC#N)C=O,False
CC1C2OC2C1(N)C#N,False
CCCN1C=CC=C1,False
CN(C=O)C12CC1OC2,False
CC1(C)CC2CCC2C1,False
OC1CCOC(=O)C=C1,False
CC1(CO)CC2OC12,False
COCCC1(CC1)C=O,False
CC12NC1CC2OC=N,False
CC1CC(=O)CN=CO1,False
O=C1OC2C1CNC2=O,False
CC1(CCO1)C1CC1,False
O=CC#CC1=NNC=N1,False
CC#CC1CCC1CO,False
CN1N=C(O)C(N)=C1N,False
CC(CCC#C)OC=O,False
OC12CC1CC2C#N,False
C1C2C3OCCCC3N12,False
CCC(OC=N)C#CC,False
CC1COC2=C1OC=C2,False
CC1C2C(=O)CC12CO,False
CN1C(=O)CCC=C1C,False
CC12COC3OCC1C23,False
OC1=NC=CNC1=N,False
NC1=CC(=N)C(F)=NN1,False
CC1(CO1)C1CC1CO,False
CC1OCC11CC1(C)O,False
COC1CC(=NO)C1C,False
CC12CC=CCC1(C)O2,False
CC1CC(CC(N)=O)O1,False
CNC1=CN=NN1,False
CC1=CCN2C(C#C)C12,False
ON=C1C2NC1C1OC21,False
NC(=O)C(=O)C(O)C#C,False
NC1=CC=CC=C1C#N,False
CC1(CCC1C#C)C#C,False
CC#CC1CCC1C=O,False
CC(C#C)C(C#C)C#C,False
CC1C=CC2=C1C=NO2,False
CNC1=NC(O)=C(C)O1,False
O=C1CC=CC(O1)C#N,False
C1OC1C12CC1OCO2,False
CC(C)CCC#C,False
CC(OC=N)C(C)=NO,False
CC1C2C3OC1CC23O,False
CN=C1OC2CC12C#C,False
CC1C2C=CCC(O)C12,False
CC1CN1C(C=O)C=O,False
OCC1=NCC(=O)CO1,False
N#CC12CC(C1)N1CC21,False
OCC(O)C#CC#C,False
N=C(C=O)N1C2CCC12,False
CC1C2CC1C(=O)OC2,False
C1CC11CC2CC1O2,False
CN(C(C)=N)C(=O)CO,False
CC1CC1NCC#N,False
C1C2C3CC4C(CN34)N12,False
OCCC1OC11COC1,False
CC1=CCC(=O)OCC1,False
CC1CC2=NON=C2N1,False
OC12CC(O)(C1)C=CC2,False
NC1=NC2CC(C2)C1=O,False
CCC1(O)CC1CC#C,False
CC(C)COC(C)C=O,False
NC(=O)C1=COC(=O)N1,False
OC12C3C1N1C3CC21,False
OCC1=COC(C=O)=N1,False
OC12CC(C1)C1CN1C2,False
NC(C#N)C12CCC1N2,False
CC(O)C1OC1C#N,False
COC(CC=O)C1CO1,False
CC1CC(C)(C)C1C,False
CC(=O)NC1C2CCC12,False
CC(CC1CC1)C1CC1,False
CNCC1=NC(O)=NO1,False
N#CC1CC=CC2OC12,False
CC(OC=N)(C=O)C#C,False
CCC(O)(CC)C#CC,False
CN1C(C)=NN=C1C,False
OC1=COC(=N)N1,False
NC(=O)C12CC3CC1N23,False
OCC12CC1CC(=O)N2,False
OCC12OC1C1C(O)C21,False
CC(C)C1CCN1C=O,False
CC(=O)OC(CN)C#N,False
O=C1CC2(COC2)C1,False
CC(C)(C)CO,False
CCC12C3OC(C13)C2C,False
CC1CCCOC1(C)C,False
NC(=N)N1N=CNC1=O,False
O=CNCC1CC(=O)C1,False
OC(C#N)C1CO1,False
O=C1CC2CC2OC1=O,False
CCOC12C3CC1OC23,False
CC12CC3C1C2OC3=N,False
CNC1=NC=C(O)N1C,False
CC1(O)COCC=C1,False
CC(O)C(C)CC1CO1,False
CC1CC(C1)C(O)C#C,False
CC1NCC(=O)C11CO1,False
CC(O)CCC#CCO,False
COC1C(=O)C2OC12C,False
OC12CCC11CC(C1)C2,False
CC1C=CC2COC12C,False
CC1C2OC2C=C1CO,False
C1OC23CN4C5C2C5C134,False
CC12NC3C1OC(=O)C23,False
OC12CC3CC(CC1)C23,False
C1OC2=NCCC3C1N23,False
C1NC2C3OC1OC23,False
CCC1CCC(C1)OC,False
CC12CC3OC1C2(C)O3,False
CC(C)C(=O)C1(O)CC1,False
O=C(C#N)C1=NNC=N1,False
OC1=C(OC=N)ON=N1,False
CC12CC(C1)NC2=O,False
C12OC34CC(C3)C4(C1)C2,False
OC1C=CC2CC2C1O,False
CC1(CC1(O)C=O)C=O,False
OCC1(CCCN1)C#N,False
ON=C1C2NC3C2C13O,False
CC1CC2CCC(C1)O2,False
O=C1C=C2CC3CC1C23,False
OC(CNCC#C)C#N,False
CC12NC(C1O)C2=NO,False
CCC1=C(N)C=C(C)N1,False
CC(OC(=O)CN)C#C,False
CC12C3CC4C1N4CC23,False
CC(C=O)C1CC1CO,False
C#CC1N=C2NC3C1C23,False
CC1=CCC2(CO2)C1=O,False
N#CC1NCC=C1,False
CCC1(C)CCC(=O)N1,False
CCCOC(C)(C)C,False
C1C2OC11COC3C2C13,False
OCC1C2C3C2N2C3C12,False
O=CCOC1(CC1)C=O,False
CCC(C)(C)C(C)C#C,False
COCCC1CCC1=O,False
CC1CC(=O)C(=N)O1,False
CC1CC2(CC2)C(=N)O1,False
CC(C)OCC(=O)C#N,False
O=C1NC=NOC1=O,False
CCC1OC2(C)CC12,False
CCC1CC(C)(N1)C#N,False
CC1C(O)CC11CO1,False
CC1C2C3C4C3C1(C)C24,False
NC12CC1N=COC2=O,False
NC(=N)C(=O)CC1CN1,False
CCC1(NC1(C)C)C#C,False
CC1C2CC(C)(O)C12O,False
CC1CC(=O)CN2CC12,False
CC1C2CC2(C)C1O,False
CCOC12CC1OC2,False
CC1CC2N1CC2=NO,False
COC=NC1C2CCC12,False
CC1OC1CCC1CO1,False
CC1=CC(OC=O)=CN1,False
OC1C2C3CC1C(=O)C23,False
N=COCC(=O)CC#N,False
CC1OC1CC1CO1,False
CC12CCC1(O)C(O)C2,False
CC1(C)OCCC(=O)O1,False
CC(OC=O)=NCCO,False
OCC1CCNC1=O,False
CC(=O)C1CCC=C1C,False
O=C1CCC2CC3C2N13,False
CC(O)C1CN1C=O,False
CCOC1CN(C)C1=O,False
O=CC1=CON=C1C=O,False
OC1(COCC1=O)C#N,False
OCC1N=CNC1C=O,False
C1OC11CN2C=CN=C12,False
CN=C1N=CNN=C1C,False
OC1CC(=O)CC11CC1,False
OC1CC(CCC#N)C1,False
CC1(CC1NC=O)C#C,False
CC1C2N1CCOC2=N,False
CC12CC(C1)C(O)C=C2,False
CC12CC=C3COC1C23,False
CC1(C)OC2CC2C1O,False
CCC(CC)C(N)C#N,False
CCC1(C)CCCO1,False
ON=C1C2OC2C11CC1,False
OC(C#C)C1=NNC=C1,False
OC12CC1N1C(C=O)C21,False
CC1OC23CC12COC3,False
NC1=CC(=O)C=NN1,False
CCCC1CC1(C)CC,False
OC1=C(C=CN1)N1CC1,False
COC1=NOC(=O)O1,False
CCC1=CC2NC2(C)C1,False
CCC1(C)N2CC1(O)C2,False
C#CC1C=CCC2NC12,False
CC1=CC2=C(N1)ON=C2,False
CCC(O)CCC(N)=O,False
COCCOC(N)=O,False
CCC1(O)CC1C(N)=O,False
CN1C=C2OCOC2=N1,False
CC1CCC23CCC12O3,False
CC(O)(CO)C(O)C#C,False
O=CN1C2CC2C11CC1,False
CCC(C(C)=O)C(N)=O,False
FC1=C(F)C(=O)OC=C1,False
CCC1CC(=O)NC1=N,False
C1CC2=COC=C2C=C1,False
OC1(CC2CN2C1)C#N,False
CC1N=COC1C(C)=O,False
CCC(C#C)C1(O)CC1,False
OC1(CNC11CC1)C#N,False
CC12CC1C=CC2C#C,False
NC1C(O)C(O)C1C#N,False
CC1CCN(CC#N)C1,False
C1C2CC11C=CCN21,False
CC12C(O)C1C1OCC21,False
COC1=C(N)ON=C1,False
NC1=CNC(=N)O1,False
CC1C2C=CC11CCN21,False
CC1C(C#N)C(O)C1=O,False
CC12NC1CCNC2=O,False
O=C1NC2CC1OC2=O,False
COCC1CC(C)C1=O,False
CC1=CNC(=O)CC1=O,False
OC1=CC=CN1CC#C,False
CN1C(C=O)C1C=O,False
CCC#CCC(C)=NO,False
CC1(CC1)N=CNC=O,False
CC1=NNC(N)=N1,False
CN1C2COC3CC2C13,False
CCC(CC=O)C#C,False
CC(CCC#C)C1CO1,False
CC12CCC1(C)C2C#N,False
CN1CC1C(CO)C=O,False
CC1=NC(CC#N)=CN1,False
CC1=C(F)NC(=O)C=N1,False
OC1C2C3OC1C(=O)C23,False
CCC1(CC1(C)O)OC,False
CC12OC1CCC2C=O,False
CC12CCC3C1OC23,False
C1C2OC3CCC2N1C3,False
CC1C2CC3N2C1C3=O,False
C#CC1=CN2CCC2=C1,False
CNC1=CC=CC=C1O,False
C1OCC11COC1,False
CN=COC1CNC1=O,False
CCOC(C)CC,False
OC1CCC=CCC=C1,False
C1C2OC3C4CC1(O4)C23,False
ON=C1CN2CCC2=C1,False
CCC1(C)CC1CC#C,False
CC1COCCCO1,False
CC12CCC(=O)C1(C)N2,False
N#CCCN1CCC1,False
OCC12CC3NC1C23O,False
CC12CC3N1C2CC3=O,False
CC12C3CC4C(C1O3)N24,False
CC12NC1(C)C1C(O)C21,False
N=C1OCC11CCCN1,False
CCC(C)(O)C1CC1C,False
CC#CCC(C)C(C)=O,False
CC1CC2C3CC(O3)C12,False
NC1=CC(=CO1)C1CN1,False
O=C1OCCC2CC1C2,False
N#CC12CC3C(C1)C23,False
CC1CC(C)C2OC12,False
NC1=NC(=N)C=C(F)O1,False
CC1CCC(CCO)C1,False
C1CC11COCC2OC12,False
CC1C2OC2CC1=NO,False
CCC1C(=O)CC=C1C,False
CCCCC1CN1C,False
FC1=CNC=CC1=O,False
CC(O)C1=CN=CN1,False
CC1(C)OC1(C=O)C=O,False
OCCCCCC1CC1,False
OC1C2N=CNC12C#N,False
C1OC2C3C4CC2C1C34,False
NC(CO)C1=NON=N1,False
N#CC#CC1C2CC1O2,False
CCN=C(N)C(O)C#N,False
CN1C(CNC1=O)C=O,False
C#CC1(CC2CC2)CN1,False
COC1C=CCC2NC12,False
C1OC2C3OC3CC12,False
CN1N=NOC(=N)C1=N,False
O=C1CC2(CN12)C1CN1,False
OC1=CC=C(F)C(F)=C1,False
C1C2CC11CCCCC21,False
CC12CC(C1)OC(=O)N2,False
CC1(C)C(=O)CNC1=O,False
OC12CC3CN(C13)C2=O,False
CC(O)C1COC1=N,False
CC1=NC=C(N)C(=N)O1,False
OC1=NC2=C(N1)C=CN2,False
CC12OCC1C(O)C2=O,False
N=CNC(=O)C#CC#C,False
N=C1OC2CC1C(=O)C2,False
CC1(CC1)C(=O)CC#C,False
C1CC11CC2NC2CO1,False
CC1CNC2=C1NC=C2,False
OC1C(O)C11C2CN1C2,False
COC1CC2CC2O1,False
CCC(N)(COC)C#N,False
COCC1OCC1C=O,False
C1C2NC1C1=C2ON=C1,False
CCC12CC1C1(C)OC21,False
CN1C=C(C)C(=N)N=N1,False
CC1CCC2C1OC2=N,False
CCNC(=O)C1CCO1,False
COC1=CC=C(OC)O1,False
O=CC1=NC2(CC2)CN1,False
CN=C1N=COC=N1,False
CCC1=NC=C(N)O1,False
OC1C2(O)CC1(C2)C#N,False
CC12OC3(C)C1NC23,False
CC12CC3C4C(OC14)C23,False
CC1C2CC(O)C(C)C12,False
C1OC2CC3NC3C12,False
OC1CC11NC(=O)C=C1,False
O=C(CC1CC1)N1CC1,False
C1CNC2=C(C1)N=CO2,False
CCC1CC(CC#C)C1,False
CC1=C(C)C2NC2(C)C1,False
CC1(CC2CC12)OC=O,False
O=C1NCC11COC=N1,False
CC12CC(C=CC1)C2O,False
CC(C)C(C)(CO)CO,False
NC1=C(N)C(O)=CC=C1,False
O=C1CN(CC2CN2)C1,False
OC(C=O)C12CC(C1)C2,False
OC1(CC2CC1C2)C#C,False
CCOC12CC3CC1C23,False
NC1(CO)CNC1C#N,False
CC(C)CC1CC(O)C1,False
O=C1CCC(O1)C#N,False
CN1C2CCC1C21CN1,False
CC12CC(C#N)C1(C)N2,False
CC12CC(C1)C1OC21,False
NC1=C(O)C=CN1C=O,False
CC1OC1C12CN(C1)C2,False
CCC1C(C)C11CCC1,False
CC(C#C)C(C)=O,False
C1CC2OC(O1)C1OC21,False
COC1C(OC)C1(C)C,False
COC1=C(N)NC=C1C,False
OCC#CC1=CNC=N1,False
CC#CCCC1CC1,False
OC1CC(O)C1OC=N,False
CC1CN1C1(C)CC1C,False
CC1=CCC2(C)NC12,False
CC12COC1C=CC2=O,False
N=C1OC2CCCC2O1,False
CC1C2CC2C1(O)C#N,False
CC1CC2CC3OC1C23,False
C1CN2CCCN=C2O1,False
CC1CCC(CCO)O1,False
O=C1C2C3CC1C23C#C,False
CC1(O)CC2OC1C2=O,False
CC1CC2(CCC2)C1=O,False
CC1(C)C2C(=O)CC12C,False
C#CCOC1C2CCC12,False
CNC1=CNC(=O)C=C1,False
CC1OC(CC=O)C1C,False
OC1CCCC2OCC12,False
CC1OCC(C)(C)C1=O,False
NC1=NC23CC(C2)C3O1,False
COC(CCCO)C=O,False
N=C1CC=CC(O1)C#C,False
N=C1OCOC(=N)C1=O,False
CC1COCC1O,False
CN1C=C(C)C(=N1)C#C,False
CC12C3CN1C2(C3)C#N,False
O=C(C#C)C1COC1,False
OC12C3CN4C(C13)C24,False
O=COCC1CC1C=O,False
CN(C)C1=CN=C(O)N1,False
CCC12CC3C(C13)C2=O,False
CC1(CC(=O)C1)C#C,False
OC(CC#C)CC#N,False
CCOC(C)(C)CC#N,False
CNC(C)(CCO)C#N,False
CCC1C=CCC2OC12,False
COCC1C2C3CC1N23,False
OC1C(CC11CN1)C=O,False
CNC(C)C1=NOC=N1,False
C1OC2=CC=CC=C2O1,False
CC(NC(N)=O)C#N,False
CC1CC2C(O)C(=N)N12,False
NC(=O)CC1CC1O,False
CC1OCC2=C1C=CN2,False
CC#CC(OC=O)C=O,False
O=CC1C2C3COC1C23,False
CC(=O)C#CCO,False
CC#CC(C)C(N)C#N,False
CC1=NN2CCNC2=N1,False
CNC(=O)C1CCN1C,False
CC1(O)CN2CC=CC12,False
O=CC12CC3C(C1)C23,False
CC(CC#C)CC1CO1,False
NC(=O)C1(COC1)C#N,False
OCC(CN1CC1)C#N,False
C#CC1CO1,False
CC(O)C12CN1CCC2,False
C1CC2C3C4C(N24)C3=C1,False
CC1C2N3CC2(C#C)C13,False
CC12OC1CC2=O,False
NC(COC=O)CC#N,False
OC1=NNC(=C1)N1CC1,False
CN=C1OCC(C)C1C,False
CC1CC2COCC12,False
CC1CC2(CO)CC1C2,False
CC(C)(C)OCC(N)=O,False
CNC1=C(O)NC=C1C,False
CC(C#N)C12CCC1N2,False
C1C2CNC3=C2N1N=N3,False
C1CC23C1CC1C2CC31,False
CC#CC1(CN1C)C=O,False
CCCCC(=O)CC#C,False
NC1=CC(=O)NC(=O)O1,False
CCCCCN=COC,False
CC12CC1C1CC(C1)O2,False
CN(C)C1=C(C)N=NN1,False
O=C1NCC(O1)C1CN1,False
COC1C(O)CCC1O,False
NC1=C(F)C=NC(=O)N1,False
OC1C2OC(=N)C1C=C2,False
CN1C=NC2(CC2)C1=N,False
CC#CC1OCC1O,False
CCCC(C#N)C1CO1,False
OC1C(OCC1=O)C#N,False
CC(CN1CC1C)C#N,False
NC1=NC(=N)OC(F)=C1,False
OCC1CC(O)C11CO1,False
O=C1OC2CCOC2O1,False
CN1CC(N)(C1)C(N)=O,False
CC1OC1(CO)C(N)=O,False
COCC1(C)COC1=N,False
ON=C1CC=CC2CC12,False
OC1C2CC11C=CCN21,False
O=C1C2C3C(N13)C21CN1,False
CN1C2C(=O)C1C21CO1,False
CC#CC#CC#N,False
CC1CC2(CC2)OCO1,False
CC(C)C(C)C#CC#N,False
CN1N=NC(=N)C=C1N,False
CC12CN1CC2CCO,False
NC(C#N)C(O)C(N)=O,False
CC1CC2(O)CC2(C)O1,False
CC1CC(C1C)N1CC1,False
O=C1CCC2C3NC3C12,False
COCC1(C)OCCO1,False
O=C1C=CC2(NC12)C#C,False
CC1=NC(O)=NC=C1F,False
OCCC12CC3C1OC23,False
CNC1=CC=COC1=N,False
OC1C2CC(=O)C1O2,False
OC1COCOC1=O,False
NC1=C(ON=C1)C1CO1,False
O=CC12CC(N1)C(=O)C2,False
CC1(C#C)C2CCC1O2,False
CC1(NC1(C)C#N)C#C,False
C1C2C3C4C1C1C2C3N41,False
CC1=CNC=C(C)C1=O,False
CC(C#C)C12CN(C1)C2,False
COC1C2N3CC2(C)C13,False
CN1C=NC2=C1C=NO2,False
CC1=CC2CC1C(C)=C2,False
CC1CC2C3NC3C2=C1,False
OCC#CC1OC2CC12,False
O=C1COCCC2OC12,False
CN(CC1CN1)C=O,False
C1OC11C2CC3OC1C23,False
OCC1CC(C1)OC=O,False
C#CC1OC=NC2CC12,False
CC1C2C3CC1(C)C23,False
CC1(C)OC2C1OC2=O,False
CC1NC1(C)CC(N)=O,False
NC1(CNC1C#C)C#N,False
COCC1CC(O)C1=O,False
CC1CC2(COC12)C#N,False
OC1C2CC1(CO2)C=O,False
CC1CCN(C)C1=O,False
CC1(C)N2CC1(O)C2,False
OC1CC2C3CC3CC12,False
C1C=CC2C3OC2C13,False
NC1=CC(N)=CC(=O)N1,False
CC12COC(C#N)C1O2,False
CCC1CC1(O)C#C,False
CC1(COCCO1)C=O,False
O=COC1CC11CCC1,False
N=C(C#C)N1CCN=C1,False
CC1(O)C(O)CCC1O,False
CCC1=NOC=C1C,False
C1CCC2(C1)OCC=C2,False
O=CCCC1=NC=CN1,False
COC1=C(NC=N1)C=O,False
CN=C1C=CNC=N1,False
CC1COC2CNC2=N1,False
O=C1NC2CN3CC2C13,False
CC(=O)OC=N,False
CC1N2CC2C11COC1,False
CC(OC=N)C(C)C=O,False
CN1CC1C(=O)CO,False
CCNC1=CN=CC=C1,False
CN1N=NC(C)=C1CO,False
OCC1=CNN=C1C=O,False
CC1C2C3N1C(=O)C23C,False
O=C1C2CC2CC1C#C,False
N=C1CC2CCC2O1,False
CC1OC(C2CN2)C1C,False
N=C1OC=COC1=N,False
O=C1OC=C2CC=CN12,False
C1C2C=CC3=CC=C1N23,False
CC(=NO)C1OCC1O,False
CC1(CC1(C)C#C)C#C,False
CC1C2OC1(CO)C=C2,False
FC(F)(F)C12CC(C1)N2,False
N=C1N=CC=COC1=O,False
CCOC1(C)C(C)C1O,False
NC(=NCC=O)C#N,False
C1CC1C12COCC1N2,False
CC1OCC(C=C1)C#N,False
N#CCCC1=CN=NN1,False
CC1CC(=O)C(O1)C=O,False
CC(=O)N(CC#N)C=O,False
CC(C)N1N=CC(C)=N1,False
C1C2N1CC13CC21OC3,False
NC1=NC2COC1OC2,False
COC1C(OC1=O)C#C,False
NC(=O)C1CCCC1O,False
CC1C2C1C1CC2C1O,False
OCC1C2CC1(C2)C=O,False
OCC12CC(C1)OC2=O,False
CC1NC11C2OC1C=C2,False
CC1(C)CC2C(O)C2C1,False
COC1CC2(NC12)C#N,False
CC(C#N)C#CCC#N,False
CC12CCN1C1COC21,False
C#CCC1CCN=CO1,False
O=C1NC=CCC11CO1,False
C1CC2=C(O1)N=CO2,False
C1C2OC3CN1CC2O3,False
OC1(C=O)C2C3CC1N23,False
CC(OC=N)C1CN1,False
CC1(C)C2CC2C1C#N,False
CC(O)C(CCO)C#N,False
CNC(=O)C(C)C#CC,False
CCC1=CN=CC(C)=N1,False
C1C2CC3C4C1C2N34,False
CCOC1C2C3C1CN23,False
CCCC(=O)C(=N)OC,False
CC1CC(C)C1(C)C#C,False
CC1C2OCC3CC3C12,False
CCN=CNC(=N)C#N,False
C1NC1C1=NC=CC=N1,False
CNC1=C(C)C=CO1,False
COC(=O)C1CC1(C)O,False
N#CC12OC1CC21CC1,False
CC1C2COC1C2CO,False
CNC1=NNC(=O)C=N1,False
CN=COC1C2CC1O2,False
CC1OCCC(O)C=C1,False
CCC1=CC(CC1)C#N,False
CC12OCC11CC2CC1,False
CCC(=O)COC(C)C,False
C1C=CC23NC4C2NC134,False
C1C2C3C4CC1C(C4)N23,False
OCCC1C(O)CC1=O,False
CC(C=O)C(C)(C)C,False
CNC1=NC(C)CC1=O,False
C1CC1C12CC1COC2,False
CCCC1CC(C)(O)C1,False
O=C1C2OCC3C2N13,False
CN=C1OCC2(O)CC12,False
COC1(C)CCC1C=O,False
C1C2CC11C=CC3C1N23,False
OC1CC(C2CO2)C1O,False
CC1OCCC1OC=N,False
CC1C(O)C2(CN12)C#N,False
O=CCNC1=NON=N1,False
CC(=O)C1NC1CC#N,False
CCC1=CC=C(O)N1,False
CNC(=O)OC,False
CCC(=NO)C(=O)NC,False
OC1CC2C(=O)CC12O,False
N=C1OC2(CC1C2)C=O,False
CC(=O)C1OC1C#N,False
CN=C1C=NNC=C1F,False
CC(O)C1(C)CC1(C)O,False
OCC1NC2C1OC2=N,False
CC12C3C1C1C=CC3C21,False
COCC1CC2(O)CC12,False
CC1C2CC1(CO)CC2,False
C1CC11COC=NC1,False
O=CCC12CC3C1CN23,False
OCCC#CC#C,False
OC1CC2(O)CC12C#C,False
CC1(CN1)C1OC1C=O,False
OC1C2OC2C11CN1,False
C1OC1C1=CCC2CC12,False
CCC1=CCCCC1,False
CCC1C2OC1C2O,False
C1OC1C1=NC=NC=C1,False
OC1C2C=CC(C=O)C12,False
CCC(C)OC(=O)NC,False
OC1C(CC#N)C1C#C,False
CC1C2CN2C1C#N,False
O=C1CC2CCN=C2N1,False
O=C1C=CC23CC(O2)C13,False
OC1=C(F)C(=O)N=CO1,False
O=CC1OC2CC2O1,False
CC(C)C1=NON=N1,False
CCCOCC#CCO,False
CC12CN1C1CC21C#C,False
OC1C2CC(=O)C1C2O,False
CC1OC2OC1C=C2C,False
OC1C(O)C11COC1=O,False
CC1NC(=O)NC2CC12,False
COC1C2C(C)N2C1C,False
CCCOC1=COC=C1,False
CC(C)CC(C)C1CC1,False
CCC(=O)C1C2CC1O2,False
CCC#CCCNC=O,False
CCCC1CC1C(C)C,False
C1=CN2N=CN=CC2=C1,False
CC1COC(C)(CO)O1,False
COC12C3C4C3C1(C)C24,False
N=C1OC2C3NC12C=C3,False
OCC(CO)COC=O,False
OC1=CC(NC=O)=CN1,False
CC1CNC2=NC=NN12,False
C(C1OC2CC12)N1CC1,False
CC(CC(N)=O)N1CC1,False
OC12CC3C=CC1OC23,False
CC12OC1CCC1OC21,False
OCCN=C1OCC1O,False
CC1(C)NC1(C)C=O,False
C1CC1C1=NON=N1,False
C1CC2OCOC12,False
CC1C2COC12C=O,False
O=CC1=NCC2CC2O1,False
O=COC1(CNC1)C=O,False
CC1CC11C2C3CC2N13,False
OC12CC(C1)CN1CC21,False
CC1C2C1C1CC2C1=O,False
O=CC1NCC2CC1O2,False
OCC1(COC1)C1CC1,False
CC1OC2C1C2(O)C=O,False
CC12CC1(CC#C)OC2,False
CN1CC1C1COC1=N,False
CCC1C=CC2COC12,False
CCC1CC(C)=CC1=O,False
CC1NC1(C=O)C=O,False
CC1C(C)C1(C=O)C#C,False
OCC#CC1CC1O,False
CC1CN2C=NC(O)=C12,False
CC(O)C(=O)CO,False
OCC1=C(O)N=CO1,False
CC(O)C1CC1(C)C#N,False
CNC(=O)C(=N)NC=N,False
CCN1N=NC=CC1=O,False
O=CC1(CCC1)C1CO1,False
C1C2COC3CC2OC13,False
CC1NC(=O)CC1O,False
CC1=CC2=NOC=C2C1,False
CCC1=CC(=N)OC=N1,False
O=C1OCC2CC3C1N23,False
C1NC11CCN=COC1,False
C1CC1C1OCC2OC12,False
ON=C1CCC11CCC1,False
O=CN1C=CC(C=O)=N1,False
CC12CC3C(OC13)C2=O,False
CN1N=NC(=O)N=C1F,False
CC12C=CC3CCC1N23,False
CC1C2C(O)C(C)C12O,False
CC#CCC1=CNC=C1,False
N#CC1C2NC3C2OC13,False
C#CCC1C2C3CN2C13,False
O=C1CC=C(CN1)C#N,False
CN(C)C1=NOC(=N)O1,False
CC12CC3CC3C1O2,False
CC12OCOC1C2C#N,False
CC1=CC=CCOC1,False
CCCCC1C(C)C1C,False
OC1C2CC3OC2C13,False
NC1=CC(=NO)C2NC12,False
CN1C=C(O)N=C1N,False
CC1=C(CC#C)C=CO1,False
CCC12NC1(C)C1NC21,False
CC1C2CC2C1(C)CO,False
CC1=CCCC=CCC1,False
CCC(O)C1(CC)CN1,False
CCC(OC)C(=O)CC,False
C(CC1COC1)C1CC1,False
CCN=C1CCOCO1,False
CC1(C)C2OCCC12O,False
CC1=NOC(=O)C(=N)O1,False
C#CCC1CCCO1,False
O=C1CCOC1,False
COCCC1=NNN=N1,False
CCCC#CC(C)C#N,False
COC1CCC=C1C#N,False
CC1=C(CO)ON=N1,False
CC1CCC(C)(O1)C#C,False
OC1C2C3CC1(C#N)C23,False
CC1CC2(CC12)C1CC1,False
CC1(O)CC1(O)C=O,False
OCC1=CCOCC1=O,False
CCC(O)CC(C)O,False
NCC(N)(C#N)C1CO1,False
OC1C2CC2(O)C1C=O,False
OC12C3CC1(CC2=O)N3,False
N1C=NC2=NC=CC2=C1,False
CC1=CC2OC3CC2C13,False
OCC1CC2OC2C1,False
N=C1OCCNC1C#C,False
CC1OC(=N)CCC=C1,False
CC12CN1CC=C2C=O,False
CNC(=O)CC(C)OC,False
OCC12CN3C(CC13)C2,False
CC12CC(C)(C1)C(=O)O2,False
CCOC12C3C4C1N4C23,False
NC1=C2NC=NC2=NO1,False
COC1C2CC=CC12O,False
N=C1OCC11CN2CC12,False
CC1COC(=N)C1C#C,False
CC1=CN(CC=O)N=N1,False
CNC(=O)N1CC(C)C1,False
CC1CCC11OC1(C)C,False
OC12CCC1C2CC#N,False
CC1=CC=C(F)N=C1O,False
NC(=O)CC1=CN=NO1,False
CC#CC1CCCC1O,False
CC(C=O)C1CCCC1,False
CC(O)C1CC2CC1C2,False
C1OC=NC2=C1ON=C2,False
CC1=CC(C)=C(C)N1,False
NC1=CNC=CC1=O,False
N#CC1NCC11CCC1,False
CC1(OCOC1=N)C#N,False
CC1CNC(=O)C(O)C1,False
O=CNC1(CNC1)C#N,False
COC12CNC1C2O,False
C1OC2CC1OCCC2,False
FC1=C(F)C(=O)N=CO1,False
OCC1N=CNC1=O,False
CCC12CC1(CO2)OC,False
CC(CC1CO1)C=O,False
ON=C1COC(=O)C=C1,False
CC1C2CC2C(O)C1O,False
OCCC#CC(O)C#N,False
CCOCC(=O)CC#C,False
CNC1=C(N)N(C)N=N1,False
CC(=O)N1C=CC2CC12,False
O=C1NCCCCCN1,False
CCC1=CN=C(O)N1,False
OC12CC1C1CC1C2=O,False
CC1CC(=O)C2CC12O,False
C#CC1OCC=CCO1,False
CCCC(C)CC1CO1,False
CC1CC2(CC12)N1CC1,False
ON=C1C=CCN2CC12,False
O=C(CC#C)C#CC#N,False
O=C1C2CC1CCCC2,False
OC1CC2OCC3C1C23,False
O=C1CC2(CC1N2)C#N,False
O=C1CC(CN1)C1CC1,False
N#CC1CCC2CC2O1,False
CN1CC23CC(O)(C2)C13,False
CCN=C(C)OCCO,False
OCC1CCCC=CC1,False
COC1C(=O)COC1=N,False
CCC1OC(C#C)C1C,False
CC12NCC1OC2C#N,False
CC(=O)C1NC1C=O,False
C#CC1CC1CCC#N,False
C1CC1C1CC2CC2O1,False
OCC#CC1(CC1)C#C,False
N#CC1C2CC3C2N13,False
CC12CC1NC(C=O)=N2,False
CC1OC2(CC12C)C#C,False
O=COC1CN2CCC12,False
CC12OCOCC1C2O,False
OC1C2CC1(O)C(=O)O2,False
NC1=NC(OC=O)=CO1,False
CNC1C(O)C1(N)C#N,False
CC1C=CC2CC3C2C13,False
CC(C)(C)CCC1CO1,False
N1C=NC2=C1C=CO2,False
O=C1CC2N=COC12,False
OCC1CN1C=O,False
O1C2C1C1C3C4C2C4C13,False
CC1C2CC(C3CC3)C12,False
C1C2NC3=C(N=CO3)C12,False
COC1CCC1CC#N,False
CN=C1NN=C(N1)C#N,False
CC12OC(=O)C1C2CO,False
CCC(C#C)C(C)(C)C,False
C1CC2OC(C=C2)C=C1,False
CC(C)OC1C(O)C1O,False
CC1(C)NC(=O)C2NC12,False
CCC1C2OC2(C)C1C,False
C1C2C3C4OCC2C4N13,False
C1CC11C2NC2C2NC12,False
CC1CCCC1(O)C=O,False
OC1C2(O)CC1(O)CC2,False
CC1(CC(=O)CO1)C#N,False
CC1(O)C2OC(=N)C12N,False
O=C1OC2CC=CC12,False
CNC1=C(N)OC=C1N,False
OC1C2C(=O)C1C21CC1,False
N=CNC(=N)C#N,False
OCC12CN3CCC1C23,False
CC1(CN1)C1(C)CC1O,False
CCC1=CCC2CC1C2,False
C1C2NC3=C(NN=N3)C12,False
CC1OC(=O)C1C,False
OCCC12NC1C1NC21,False
COC1CCC1C#N,False
O=C(CC#N)C1CCO1,False
CC12C3CC(N13)C2(C)O,False
C1C=CC2=C1NC=N2,False
CC1C(C#N)C(=O)N1C,False
CC(C)(C)C1=NOC=N1,False
CC1=CC2=C(C1)N=CO2,False
CN1C2CC1C2(C)C=O,False
CC(C(O)CO)N1CC1,False
CC1CCC(O)C2CN12,False
CCOCC1(CN1)C=O,False
CC#CC12COC1C2O,False
CC1=NNC(CC=O)=N1,False
O=C1NCCOC11CC1,False
N=CNC(=O)NC=O,False
CC(O)C1C2COC12C,False
C#CC1NC11CC=CC1,False
CN1C(=O)C2CC12CO,False
CC(O)C1CC2CC2O1,False
CC#CC1OC(C)C1C,False
COC(C)C1(C)NC1C,False
CC12CC3(C)C=CC1N23,False
COC(CO)CCO,False
OCC1C=C2CC3C2N13,False
CN1C2C=CCC(=O)C12,False
CC(COC1CC1)C#N,False
OC1CC2CCC(C1)O2,False
CC#CC1(C)NC1C=O,False
CCC1=CC(N)=CO1,False
N=C1OC2C(NC=O)C12,False
NC1=NC(C=O)=C(N)O1,False
OC12C3C1N1C2C3C1=O,False
CC12CC(C=C1)N2C=O,False
CN(CCC#N)C(N)=O,False
CC1CC=CC(C1)C#N,False
O=CCN1CC1CC#C,False
OC1C2C3OC2(C#C)C13,False
CC1(C)COCC1=NO,False
N=C1OC2CC1OC2=N,False
OC1=C(O)C(=O)OC=N1,False
OC12CN3C(C=CC1)C23,False
N#CCN=C1NC=CN1,False
CC1C=C(C)C2CC12C,False
CC1(CCO)OCC1O,False
CN=C1CC(O1)C(N)=O,False
CC12OC1C1(CN1)C2O,False
N#CCOC1CC=CC1,False
CC12CC1CCC2O,False
CC(O)C1(C)NCC1=O,False
O=CC1(CN=CN1)C=O,False
NC1=NNC=C1C1CN1,False
NC(=O)OCC1CO1,False
O=C1C2CCC2C1C#N,False
O=CCC1COC(=O)O1,False
NC(=O)CC(=O)CC#C,False
O=CC(OCC#N)C#N,False
OC1C(O)C11CCCO1,False
CCC1(CCC1)NC=O,False
CN1C2C3C2C2(CN2)C13,False
CC1C=CC(C)C1C,False
CC12CC3CC1C23CO,False
O=C(CC1CCO1)C#C,False
CCC12CC(N1)C2=O,False
CC1=NN2N=CN=C2O1,False
O=CNC1CCC11CO1,False
CCC1(O)CCOC1=N,False
CN=C1OCCC1C=O,False
O=C1CCC2(CC2)CC1,False
N=CNC1=NOC=N1,False
C1C2OCC3=C2N1N=C3,False
CCC1CC1(C)OC=O,False
NC1=CN2N=COC2=N1,False
COCC1(C)C(C)N1C,False
C1OC1C1OCC11CC1,False
CC1=NC(CC=O)=CO1,False
CC1OC(C)(C)OC1=N,False
CCC1(CCOC1)C#N,False
CCC1(C)CCOC1,False
C#CCC1=CC2CC1C2,False
CC1CC2(COC12)C=O,False
CC(CO)CC1CC1O,False
CC12CC3OCCC1C23,False
NC(=O)C1=NC=CN=C1,False
NC1=C(N)C=CC(=N)O1,False
OC1(COC1=O)C1CC1,False
OCC1=CN=NN1C=O,False
CN1C=CC(C=O)C1=O,False
NC1=C(CC#C)NC=C1,False
C1OC2C3CC1COC23,False
CCC1C2CC3OC3C12,False
CCC1=NC(=N)NN=C1,False
CC(=O)C1=CC=C(N)O1,False
CC1(C)C2CN2C1C=O,False
CCC(=O)C(O)C1CO1,False
CN1CC2C(O)C(=O)C12,False
CN=C1OC=NN1C,False
CC1CC2(O)CC1C2=O,False
CC1C2OCOC12CO,False
CC1C2OCC2OC1=O,False
CN1CC(O)(C1)C(N)=O,False
C1C2CC=C3C=CCC123,False
COC1C(C)OC1C#C,False
CN=C1NC(C#N)C1O,False
N=COC(C#C)C1CN1,False
CCNC1=CC=CC=C1,False
CC(C)C1=CCCC1C,False
CC1=C(N)C(F)=CC=N1,False
CC1NC1C1NC1C#N,False
CC12C3OC4C(CC14)C23,False
CN(C)C1=NC(C)=CO1,False
CC1C(O)C2COC1O2,False
OCCC(CCO)C=O,False
CC1=C(F)C(=N)NN=N1,False
C1OC1C12C3CC1CC23,False
CNC(=O)N1CC1C#C,False
CC(=O)C1OC1CC#C,False
CC(O)C12CC1(O)CO2,False
CC1COCCOC1=O,False
O=C1CC=C(N1)C1CO1,False
CN=C1OC2(C)CC12C,False
O=C1CCCNCC1=O,False
CC(=O)NCC#C,False
O=CC1C2C3CN2C13,False
FC1=NC=C(C=C1)C#C,False
O=C1NC=NC(=O)C=N1,False
OC1=CNC(NC=O)=N1,False
O=CC12CC(=O)CC1O2,False
CCN1C2CC(O)C12,False
C#CC12CN1CCC=C2,False
CC12CC3OC(C1)OC23,False
OC1C2C(O)C(O)C12O,False
CC12OC(=O)C3C1NC23,False
O=C1CCCC2(CC2)N1,False
CN1C2C3(C)CC1C23C,False
NC(=O)CC12CC(C1)O2,False
OCC(=O)C12CC(C1)O2,False
N=C1OCOCC1C=O,False
O=C1CCC=C(C1)C#C,False
FC1=CC=NOC1=O,False
CN1CC(CC#N)C1=O,False
C#CC12CC1CC1OC21,False
O=C(C#N)C1CC(=O)N1,False
OCC12C3C4C1CC2N34,False
OC12CC1(OC2)C#N,False
CC1CC2OC2C11CO1,False
OCC(=O)C1(CN1)C=O,False
CCC1C2C3OC2C13O,False
CC1CC(C)=CCO1,False
C1C2OC2C2=NOC=C12,False
CCCC1=COC(=N)O1,False
CC1C2C(O)C1C21CN1,False
CCC(C)N1CC1,False
CCC12CC3C1N2C3C,False
OCC1=NOC(=N1)C#C,False
CC12CC3(CCCC13)O2,False
O=CC1=NNC(=O)C=C1,False
COC(C)C(O)C1CO1,False
NC1=CN=C(C=C1)C#C,False
CC(C)C1(C)CNC1=O,False
O=C1CC2(CCO2)C=C1,False
CC1=C(N)OC(=N)C=C1,False
OC(C#N)C12CC1CO2,False
OC1(CC=O)COC1=O,False
COC1C2CC2C1C,False
O=CC1C2CC1OCC2,False
OC1=C2C=CCN2C=N1,False
CC1OCC(C#N)C1C,False
NC1=NN(CC#N)C=N1,False
COC(C)CC(=O)CO,False
NC1=NC=C(O)OC1=N,False
CC#CC(=O)CCO,False
N=C(NC1CCC1)C=O,False
CC(C)C1=CCC(C)C1,False
CC1(OCOC1=O)C#N,False
CC1C2C=CC(C#C)C12,False
NC1=CC(C=CO1)=NO,False
C#CC1C2CC1OCC2,False
ON=C1C2CC2C1O,False
CCC1(O)C(C)C1C,False
OCC1C(=O)C2CC12O,False
OCCC#CC=O,False
O=CC1(CC1)OCC#N,False
CC1=NNC(CO)=C1,False
OC1(CC1)C(=O)NC=O,False
CN1C2COC2C1C=O,False
CNC1(CC1)C(N)C#N,False
COC1=C(O)N=C(N)N1,False
O=C1OCC2CC1O2,False
OCC1(CCOC1)C#N,False
OC1C2C=CC(=O)C12,False
O=C1NC(CC#N)C=C1,False
NC1=NC(C#N)C2CN12,False
OC12CC3CC1(O)C23O,False
C1OC23COC4C2NC134,False
CC(O)C1C(O)C1(C)O,False
CC1(CN2CC12)OC=N,False
CC1=CN=CC(C)=C1F,False
CC1=NOC(=N)N=C1F,False
CCC1(O)CC1C,False
O=C1C=CNCC1C#N,False
C1C2CC34COC3C2C14,False
COC12CNC1=NCC2,False
CCC12CN=C3OC1C23,False
OCCC(OC=N)C=O,False
NC1=C(C=O)C=NN1,False
C1C=CCC2=NON=C12,False
CC(C#N)C1=COC=N1,False
CN1C=C(CC=O)N=N1,False
N=C1COCC(O1)C#N,False
NC1=NN2CC=CC2=N1,False
CC1CC2C1OCC2C,False
N=C(CC=O)OCC#N,False
CC1=CCC(C)(C)C1,False
CC(C)(O)C#CC(N)=O,False
C1CC=CCC=C1,False
CCC1C=CC2(O)CC12,False
OC12CCN3C4C3C1C24,False
COCC1C2CC1C2=O,False
CNC(=N)C(=O)CO,False
COC1=NC(=N)C=NN1,False
CNC1=CC(=O)NN=C1,False
CN=C1NC(=O)C2OC12,False
N=COC(C=O)C#N,False
COC12CC3C1N3CC2,False
CC12C3C4CC1C4(C)N23,False
CN=C1CNC(C)CO1,False
CC(C)C1=C(C)N=NO1,False
OC1CN2C3CCC3C12,False
CN1CC11C2NC1C2=O,False
CCC1C2CC(C)C12,False
CCC(=O)C(C)(C)C,False
N#CC12OC3CC1CC23,False
CC1=C(N)OC(=O)O1,False
CC1(O)C2NC2C11CO1,False
CC12OC3C1C(O)C23C,False
OC1COCCC(=O)C1,False
CC12C3OC1C3C21CC1,False
CC1C2C3OC3(C)CN12,False
CN1C2CC(C2)NC1=O,False
CN1CC1C1(C)CO1,False
OC1=NC=C(C=O)C=N1,False
CC1CCC2=CNC=C12,False
OCC12CC3CC1CC23,False
CC1=CC(=N)OC=C1F,False
CC(C#C)C1=CNN=C1,False
CCC1(C)C2CC(=O)C12,False
CCC1OC(=N)NC1=N,False
OC12C3CCN=C1NC23,False
CC1(CC1C#N)C#C,False
C#CC12C3CN1CC2N3,False
O=C1CCC(=CC1)C#C,False
CC#CC1(O)CC1CO,False
CC#CCOCC1CN1,False
CC(=NO)C1CCCC1,False
CCN=CN(C)C=O,False
CC1C2CC3CC1C2O3,False
CC1C=C(C#C)C2CN12,False
CC1CC(C=O)N=CO1,False
CC12CN(C1)C2C#C,False
CC1OCC2(C)NC12,False
CN(C)C(=O)OC=N,False
C1C2CCC3OCC1C23,False
OCC(O)C1(CO)CC1,False
O=C1CCC2CCC1C2,False
CC1C2OC2COC1=O,False
C1C2OC3=NC=CN3C12,False
CC#CC(O)CCC=O,False
CCCC1OC1C1CN1,False
CC(O)CC(C)(C)C,False
OC1(CC1)C(F)(F)F,False
CN1N=COC(=O)C1=N,False
CC1(O)C2CC1(O)C=C2,False
CC1CC=C(C)CC1C,False
CC12C3OC1C3CC2=O,False
C#CC1OC11CCOC1,False
CC1CC(C)(CO1)C#N,False
CC1CCC1,False
CC1OC2CC1OCC2,False
CC12COC1(CO)C2O,False
C#CC1CC(CC#N)C1,False
O=C1CC(C#C)C2CC12,False
O=CCCC1=CCCC1,False
CCCOC1COC1=N,False
COC1=C(N)NC=N1,False
CN(C)C1=CN(C)C=C1,False
CC12NC1C(N)C2C#N,False
CC12OCC3C(C13)C2O,False
CC(=O)N(C=N)C=O,False
N1C2C3OC4C=CC13C24,False
OC1C2(O)C3CC2C13O,False
CC1=NC(F)=NC=C1O,False
CC1(C#N)C2CC1CC2,False
N=COCC1(CC1)C#C,False
CCC1CCC=CC=C1,False
COC1=C(O)NN=C1,False
C#CCC1=CN=CC=N1,False
O=C1CC23NC4C2OC134,False
N=C(CN1CC1)OC=O,False
O=CC=O,True
CC(=O)C(C)=O,True
O=CC(=O)C#C,True
O=CC(=O)C#N,True
O=CC(=O)C=O,True
CCC(=O)C=O,True
OCC(=O)C=O,True
C1=NN=CN=N1,True
C1=NN=NC=N1,True
C1=NN=NN=C1,True
O=CC(=O)CC#C,True
O=CC(=O)CC#N,True
N=CNC(=O)C=O,True
O=CNC(=O)C=O,True
CC#CC(=O)C=O,True
CNCC(=O)C#N,True
CCCC(=O)C=O,True
COCC(=O)C=O,True
OCCC(=O)C=O,True
CC(=O)C(=O)C#C,True
CC(=O)C(=O)C#N,True
NC(=O)C(=O)C#C,True
CC(=O)C(=O)C=O,True
NC(=N)C(=O)C=O,True
NC(=O)C(=O)C=O,True
CC(C)C(=O)C=O,True
CC(O)C(=O)C=O,True
CC(=O)C(=O)CO,True
CCC(=O)C(C)=O,True
O=C1CC(=O)C=C1,True
N=C1NC=CC1=O,True
O=C1CC=CC1=O,True
O=C1NC=CC1=O,True
O=C1CCCC1=O,True
O=C1CNCC1=O,True
O=C1COCC1=O,True
CNC(C=O)=NC,True
O=CC(=O)C1CC1,True
O=CC(=O)C1CN1,True
O=CC(=O)C1CO1,True
O=CC(=O)N1CC1,True
C1N=C2OC3C1C23,True
CC1=C(N)ON=N1,True
CC1=CN=CN=N1,True
CC1=NC=CN=N1,True
CC1=NC=NN=N1,True
NC1=C(N)N=NO1,True
NC1=NC=CN=N1,True
O=C1C=NON=C1,True
O=C1NN=NC=N1,True
O=C1ON=CN=C1,True
OC1=NC=CN=N1,True
ON=C1CC=CC1=O,True
ON=C1CCCC1=O,True
ON=C1COCC1=O,True
OC1=CNC(=N)C=N1,True
N=C1C=CN=CC=N1,True
N=C1N=CC=NC=N1,True
O=C1C=CC=CN=C1,True
O=C1C=CN=CC=N1,True
O=C1C=CN=CN=C1,True
O=C1C=NC=CN=C1,True
O=C1N=CC=NC=N1,True
CC(C)(O)C(=O)C=O,True
CC(=O)NC(=O)C=O,True
CN(C)CC(=O)C#N,True
CC(C)CC(=O)C=O,True
CC(O)CC(=O)C=O,True
CN(C)CC(=O)C=O,True
CC#CC(=O)C(C)=O,True
CC(=O)C(=O)CC#C,True
CC(=O)C(=O)NC=N,True
CC(=O)C(=O)NC=O,True
CC(=O)C(=O)CCO,True
CCCC(=O)C(C)=O,True
COCC(=O)C(C)=O,True
CC(=O)C(=O)C(N)=O,True
NC(=N)C(=O)C(N)=O,True
NC(=O)C(=O)C(N)=O,True
CC(C)C(=O)C(C)=O,True
CC(O)C(=O)C(C)=O,True
CC1=CC(=O)C(=O)C1,True
CC1=CC(=O)C(=O)N1,True
NC1=CC(=O)C(=O)C1,True
CC1=CC(=O)CC1=O,True
CC1CC(=O)C(=O)C1,True
CN1CC(=O)C(=O)C1,True
OC1CC(=O)C(=O)C1,True
O=C(C#C)C(=O)C#C,True
O=C(C#C)C(=O)C#N,True
O=CC(=O)C(=O)C#C,True
O=CC(=O)C(=O)C#N,True
CC(C#C)C(=O)C=O,True
OC(C#C)C(=O)C=O,True
CN=C(N)C(=O)C=O,True
CCC(=O)C(=O)C#C,True
CCC(=O)C(=O)C#N,True
CNC(=N)C(=O)C#N,True
CNC(=O)C(=O)C#C,True
OCC(=O)C(=O)C#C,True
OCC(=O)C(=O)C#N,True
CCC(=O)C(=O)C=O,True
CNC(=N)C(=O)C=O,True
CNC(=O)C(=O)C=O,True
CCC(=O)C(=O)CC,True
CCC(=O)C(=O)CO,True
OCC(=O)C(=O)CO,True
CC(CO)C(=O)C=O,True
CCC(C)C(=O)C=O,True
CCC(O)C(=O)C=O,True
COC(C)C(=O)C=O,True
OCC(O)C(=O)C=O,True
O=CC#CC(=O)C=O,True
O=CC(=O)C#CC#C,True
O=CC(=O)C#CC#N,True
O=CC(=O)CCC#C,True
O=CC(=O)CCC#N,True
N=COCC(=O)C=O,True
O=CNCC(=O)C=O,True
O=COCC(=O)C=O,True
CC#CCC(=O)C=O,True
OCC#CC(=O)C=O,True
CCCCC(=O)C=O,True
CCOCC(=O)C=O,True
COCCC(=O)C=O,True
OCCCC(=O)C=O,True
CC1(CN1)C(=O)C=O,True
CC1(CO1)C(=O)C=O,True
CN=C(NC=N)C=O,True
CN=C(OC=O)C=O,True
CCN=C(NC)C=O,True
CCNC(C=O)=NC,True
O=CC1=CC(=O)CC1,True
O=CC(=O)CC1CC1,True
O=CC(=O)CC1CN1,True
O=CC(=O)CC1CO1,True
O=CC(=O)CN1CC1,True
O=C1CC=CCC1=O,True
O=C1CCC=CC1=O,True
O=C1CCCCC1=O,True
O=C1CCNCC1=O,True
O=C1CCOCC1=O,True
CC1=CCC(=O)C1=O,True
CC1=CNC(=N)C1=O,True
CC1=CNC(=O)C1=O,True
NC1=NCC(=O)C1=O,True
CC1C(=O)C=CC1=O,True
OC1C(=O)C=CC1=O,True
CC1C=CC(=O)C1=O,True
CN1C=CC(=O)C1=N,True
CN1C=CC(=O)C1=O,True
CC1CCC(=O)C1=O,True
CC1NCC(=O)C1=O,True
CC1OCC(=O)C1=O,True
OC1CCC(=O)C1=O,True
OC1COC(=O)C1=O,True
O=CC(=O)C1CCC1,True
O=CC(=O)C1CCO1,True
O=CC(=O)C1COC1,True
CC1CC1C(=O)C=O,True
CC1CN1C(=O)C=O,True
CC1NC1C(=O)C=O,True
CC1OC1C(=O)C=O,True
CN1CC1C(=O)C=O,True
OC1CC1C(=O)C=O,True
O=CC#CC#CC#C,True
CN=C(C=O)N1CC1,True
CN=C1NC=CC1=O,True
O=C1C2CC(C2)C1=O,True
O=C1C2CC(N2)C1=O,True
O=C1CC2CC2C1=O,True
O=C1CC2CN2C1=O,True
O=C1CC2NC2C1=O,True
O=C1CC2OC2C1=O,True
O=C1CN2CC2C1=O,True
CC(=O)C(=O)C1CC1,True
CC(=O)C(=O)C1CN1,True
CC12C3CN=C1OC23,True
NC12C3CN=C1OC23,True
OC12C3CN=C1NC23,True
OC12C3CN=C1OC23,True
O=C1C=C2NC3C2C13,True
CC1N=C2OC3C1C23,True
C1N=C2C3C4C(C13)N24,True
O1C2C3C4N=C1C2C34,True
C#CC1=CN=CN=N1,True
C#CC1=CN=NC=N1,True
C#CC1=CN=NN=N1,True
C#CC1=NC=CN=N1,True
C#CC1=NC=NN=N1,True
C1CC2=C(C1)N=NO2,True
C1CC2=C(N1)ON=N2,True
C1CC2=C(O1)N=NO2,True
C1CC2=C(O1)ON=N2,True
C1NCC2=C1ON=N2,True
C1OC2=C(O1)N=NO2,True
C1OCC2=C1ON=N2,True
CC1=CN=C(N)N=N1,True
CC1=CN=C(O)N=N1,True
CC1=NC(=N)NN=N1,True
CC1=NC(=O)NN=N1,True
CC1=NOC(=O)C=N1,True
CC1=NON=CC1=O,True
CC1=NON=NC1=O,True
CCC1=C(N)ON=N1,True
CCC1=CN=CN=N1,True
CCC1=NC=CN=N1,True
CCC1=NC=NN=N1,True
CN1N=CC(=O)N=N1,True
CN1N=NC(=N)N=N1,True
CN1N=NC=NC1=O,True
CN=C1N=NNN=N1,True
CN=C1NN=CC=N1,True
CN=C1NN=NC=N1,True
CNC1=C(C)N=NO1,True
CNC1=C(N)ON=N1,True
CNC1=C(O)N=NO1,True
CNC1=NC=CN=N1,True
COC1=C(C)N=NO1,True
COC1=C(N)N=NO1,True
COC1=NC=NN=N1,True
N#CC1=CN=CN=N1,True
N#CC1=CN=NC=N1,True
N#CC1=CN=NN=N1,True
N#CC1=NC=CN=N1,True
N#CC1=NC=NN=N1,True
N1C=C2ON=NC2=N1,True
N1C=CC2=C1ON=N2,True
N=C1N=CN=NC=N1,True
NC1=C(N=NO1)C#C,True
NC1=NNC(=N)C=N1,True
NC1=NNC(=N)N=C1,True
NC1=NOC(=O)C=N1,True
NC1=NON=NC1=O,True
O1C=C2N=NOC2=N1,True
O1C=CC2=C1N=NO2,True
O1C=CC2=C1ON=N2,True
O1C=NC2=C1N=NO2,True
O1C=NC2=C1ON=N2,True
O1N=C2ON=NC2=N1,True
O1N=CC2=C1ON=N2,True
O=C1C=CN=NC=C1,True
O=C1N=CN=NC=N1,True
O=CC1=CN=CN=N1,True
O=CC1=CN=NC=N1,True
O=CC1=CN=NN=N1,True
O=CC1=NC=CN=N1,True
O=CC1=NC=NN=N1,True
OC1=NOC(=O)C=N1,True
OCC1=CN=CN=N1,True
OCC1=CN=NC=N1,True
OCC1=CN=NN=N1,True
OCC1=NC=CN=N1,True
ON=C1C=CC=CC=C1,True
ON=C1C=CN=NC=C1,True
CC(CC(=O)C=O)=NO,True
CC1=CC(=O)C(C1)=NO,True
CC1CC(=O)C(C1)=NO,True
CN1CC(=O)C(C1)=NO,True
ON=C1CC(O)CC1=O,True
ON=C1CCC=CC1=O,True
CC1=CCC(=O)C1=NO,True
CC1=CCC(=NO)C1=O,True
NC1=NCC(=O)C1=NO,True
CC1C=CC(=O)C1=NO,True
ON=C1C(O)C=CC1=O,True
CC1CCC(=O)C1=NO,True
CC1CCC(=NO)C1=O,True
CC1NCC(=O)C1=NO,True
CC1NCC(=NO)C1=O,True
CC1OCC(=NO)C1=O,True
ON=C1C(O)CCC1=O,True
ON=C1CCC(O)C1=O,True
ON=C1CC2OC2C1=O,True
ON=C1C2CN2CC1=O,True
ON=C1CN2CC2C1=O,True
ON=C1C=C2NC3C2C13,True
FC1=NOC(=O)C=N1,True
FC1=NON=NC1=O,True
FC(F)(F)C(=O)C=O,True
N1C=CC2=CN=CC2=C1,True
N1C=NC2=CC=CC2=C1,True
N1C=NC2=CN=CC2=C1,True
O1C=CC2=CN=CC2=C1,True
O1C=NC2=CN=CC2=C1,True
N1C=CC=C2C=CC=C12,True
N1C=CC=C2C=NC=C12,True
N1C=CN=C2C=CC=C12,True
N1C=CN=C2C=CN=C12,True
N1C=CN=C2C=NC=C12,True
N1C=CN=C2N=CC=C12,True
N1C=NC=C2C=CC=C12,True
N1C=NC=C2C=NC=C12,True
O1C=CC=C2C=CC=C12,True
O1C=CN=C2C=CC=C12,True
O1C=CN=C2C=CN=C12,True
O1C=CN=C2C=NC=C12,True
O1C=CN=C2N=CC=C12,True
O1C=NC=C2C=CC=C12,True
O1C=NC=C2C=NC=C12,True
N1C=CC=NC=NC=C1,True
O=C1C=CC2=C1C=CO2,True
O=C1C=CC2=C1N=CN2,True
O=C1C=CC2=C1N=CO2,True
O=C1C=CC2=C1NC=C2,True
O=C1C=CC2=C1NC=N2,True
O=C1C=CC2=C1OC=C2,True
O=C1C=CC2=C1OC=N2,True
O=C1C=CC2=CC=CN12,True
O=C1C=CC2=NC=CN12,True
O=C1C=CN2C=CC=C12,True
O=C1C=CN2C=CN=C12,True
N=C1NC(=N)N=CC=N1,True
N=C1NC(=CC=N1)C#N,True
N=C1OC=CC(=O)C=N1,True
O=C1NC=CC(=O)C=N1,True
O=C1OC=CC(=O)C=N1,True
N=C1NC=CN=CC1=O,True
N=C1OC=CN=CC1=O,True
O=C1OC=CN=CC1=O,True
O=CC(=O)C1=CC=CN1,True
O=CC(=O)C1=CC=CO1,True
O=CC(=O)C1=CN=CN1,True
O=CC(=O)C1=NC=CN1,True
O=CC(=O)C1=NC=CO1,True
O=CC(=O)C1=CNC=N1,True
O=CC(=O)C1=COC=C1,True
O=CC(=O)C1=COC=N1,True
O=CC(=O)N1C=CC=C1,True
O=CC(=O)N1C=CN=C1,True
N=C1C=CNC(C=O)=N1,True
O=CC1=CC(=O)C=CN1,True
N=C1NC=NC(C=O)=N1,True
N=C1OC=CC(C=O)=N1,True
N=C1OC=NC(C=O)=N1,True
O=CC1=NC(=O)NC=N1,True
O=CC1=NC(=O)OC=C1,True
O=CC1=NC(=O)OC=N1,True
N=C1NC(C=O)=CN=C1,True
N=C1NC(C=O)=NC=C1,True
N=C1NC(C=O)=NC=N1,True
O=CC1=CC=NC(=O)O1,True
O=CC1=CN=CC(=O)N1,True
O=CC1=CN=CC(=O)O1,True
O=CC1=NC=NC(=O)O1,True
N=C1OC=CN=C1C=O,True
O=CC1=NC=CNC1=O,True
O=CC1=NC=COC1=O,True
NC1=C(O)OC(=N)C=N1,True
CC1=CC(=N)N=CC=N1,True
CC1=CC(=O)C=NC=C1,True
CC1=CC(=O)C=NC=N1,True
CC1=CC(=O)N=CC=N1,True
CC1=NC(=N)C=CN=C1,True
CC1=NC(=N)N=CC=N1,True
CC1=NC(=N)N=CN=C1,True
CC1=NC(=O)C=NC=N1,True
CC1=NC(=O)N=CC=N1,True
CC1=NC(=O)N=CN=C1,True
NC1=CC(=N)C=NC=N1,True
NC1=CC(=O)C=CN=C1,True
NC1=CC(=O)C=NC=C1,True
NC1=CC(=O)C=NC=N1,True
NC1=CC(=O)N=CC=N1,True
NC1=NC(=N)N=CC=N1,True
NC1=NC(=N)N=CN=C1,True
NC1=NC(=O)C=NC=N1,True
NC1=NC(=O)N=CC=N1,True
NC1=NC(=O)N=CN=C1,True
OC1=NC(=N)N=CC=N1,True
OC1=NC(=O)C=NC=N1,True
OC1=NC(=O)N=CC=N1,True
CC1=CN=CC(=O)C=N1,True
CC1=NC=CC(=N)N=C1,True
CC1=NC=NC(=N)N=C1,True
CC1=NC=NC(=O)N=C1,True
NC1=CN=CC(=O)C=C1,True
NC1=CN=CC(=O)C=N1,True
NC1=NC=CC(=O)C=N1,True
CC1=CN=CC=NC1=N,True
CC1=CN=CN=CC1=O,True
CC1=NC=CN=CC1=O,True
NC1=CN=CC=NC1=N,True
NC1=CN=CN=CC1=O,True
OC1=NC=CN=CC1=O,True
CN=C1C=CN=CC=N1,True
CN=C1N=CC=CC=N1,True
CN=C1N=CC=NC=N1,True
CN=C1NC=C(O)N=C1,True
CNC1=COC(=N)C=N1,True
CNC1=COC(=O)C=N1,True
COC1=CNC(=N)C=N1,True
C#CC12C3CN=C1OC23,True
N#CC12C3CN=C1OC23,True
C#CC12OC3=NCC1C23,True
N#CC12OC3=NCC1C23,True
C#CC1N=C2OC3C1C23,True
C1=C2C3C4C1C1C2C3N41,True
C1=C2C3C4C1C1C4C3C21,True
C1=C2C3C4C1C1C4N3C21,True
C1=C2C3C4C1N1C4C3C21,True
C1C2=CC3N=C1N1C3C21,True
C1C2C3C1C1C=C3CC21,True
C1C2C3C1C1N=C3OC21,True
C1C2C3C1N1CC3=CC21,True
C1C2C3N1C1C=C3CC21,True
C1C2C3N1C1CC3=CC21,True
N1C2C3C1C1N=C3OC21,True
O1C2C3C1C1N=C3OC21,True
C1C2C3C=C4C=CC13C24,True
C1N2C3C=C4C=CC13C24,True
C1N2C3C=C4CCC13C24,True
C1N=C2OC3C4NC13C24,True
C1C2N=C3C=C1C1C2N31,True
C1C2N=C3NC4C2N1C34,True
C1C2N=C3OC4C2C1C34,True
C1C2N=C3OC4C2N1C34,True
C1C2CC11OCC3C1N23,True
C1C2OC3=NC1C1C2C31,True
C1C2OC3=NC1C1C2N31,True
C1CC11N=C2OC3C2C13,True
C1CC23CC4(OCC24)C13,True
O=C(C#C)C(=O)C1CC1,True
O=C(C#C)C(=O)C1CN1,True
O=C(C#C)C(=O)N1CC1,True
O=C(C#N)C(=O)C1CC1,True
O=C(C#N)C(=O)C1CN1,True
O=C(C#N)C(=O)C1CO1,True
O=C(C#N)C(=O)N1CC1,True
O=C(C#N)C12CN(C1)C2,True
O=C(C#N)C1=NCCN1,True
O=C(CC#C)C(=O)C#C,True
O=C(CC#C)C(=O)C#N,True
O=C(CC#N)C(=O)C#C,True
O=C(CNC1CC1)C#N,True
O=C1C2C3C(CN23)C1=O,True
O=C1C2C3CC(C23)C1=O,True
O=C1C2C3CC(N23)C1=O,True
O=C1C2C3CN(C23)C1=O,True
O=C1C2C3NC(C23)C1=O,True
O=C1C2C3OC(C23)C1=O,True
O=C1C2CC3C2N3C1=O,True
O=C1C2C3CC2C3C1=O,True
O=C1C2C3OC2C3C1=O,True
O=C1C2CC(C=C2)C1=O,True
O=C1C2NC(C=C2)C1=O,True
O=C1C2OC(C=C2)C1=O,True
O=C1C2CCC(C2)C1=O,True
O=C1C2CCC(N2)C1=O,True
O=C1C2CCC(O2)C1=O,True
O=C1C2COC(C2)C1=O,True
O=C1C2COC(O2)C1=O,True
O=C1C=C(C#C)C2OC12,True
O=C1C=C(C#N)C2NC12,True
O=C1C=C(C#N)C2OC12,True
O=C1C=C2C3C4C(C13)N24,True
O=C1C=C2C3C4C1C2N34,True
O=C1C=C2C3C4C2C1N34,True
O=C1C=CC(=O)C11CC1,True
O=C1C=CC(=O)C11CN1,True
O=C1C=CC(=O)C11CO1,True
O=C1C=CC(=O)C1C#C,True
O=C1C=CC(C#C)C1=O,True
O=C1C=CC(C#N)C1=O,True
O=C1C=CC2(CC2)C1=O,True
O=C1C=CC2(CN2)C1=O,True
O=C1C=CC2(CO2)C1=O,True
O=C1C=CC2N3CC12C3,True
N=C1N2CC2C=CC1=O,True
O=C1C=CC2CC2C1=O,True
O=C1C=CC2CN2C1=O,True
O=C1C=CC2NC2C1=O,True
O=C1C=CC2OC2C1=O,True
O=C1C=CN2CCN=C12,True
O=C1C=CCN2CCC12,True
O=C1C=CCC=CC1=O,True
N=C1NC(=N)C(=O)C=C1,True
N=C1NC(=O)C(=O)C=C1,True
N=C1NC(=O)C=CC1=O,True
N=C1OC(=O)C(=O)C=C1,True
N=C1OC(=O)C=CC1=O,True
O=C1NC(=O)C(=O)C=C1,True
O=C1CC(=O)C(=C1)C#C,True
N=C1NC(=CC1=O)C#C,True
N=C1NC(=CC1=O)C#N,True
O=C1CC(=CC1=O)C#C,True
O=C1CC(=CC1=O)C#N,True
O=C1NC(=CC1=O)C#C,True
O=C1CC(CC1=O)C#C,True
O=C1CC(CC1=O)C#N,True
O=C1CC2(CC2)CC1=O,True
O=C1CC2(CN2)CC1=O,True
O=C1CC2(CO2)CC1=O,True
O=C1CN2C3CC(=C1)C23,True
O=C1CC2CC(C2)C1=O,True
O=C1CC2CC(O2)C1=O,True
O=C1CN2CC(C2)C1=O,True
O=C1CC2CN2CC1=O,True
O=C1CC2NC2CC1=O,True
O=C1CC2OC2CC1=O,True
O=C1CC2CCC2C1=O,True
O=C1CC2CCN2C1=O,True
O=C1CC2COC2C1=O,True
O=C1CC2OCC2C1=O,True
O=C1CN2CCC2C1=O,True
O=C1NC2COC2C1=O,True
O=C1OC2CCC2C1=O,True
O=C1OC2CNC2C1=O,True
O=C1OC2COC2C1=O,True
O=C1CN2CCC2C=C1,True
N=C1NC=C(C#C)C1=O,True
N=C1NC=C(C#N)C1=O,True
O=C1CC=C(C#C)C1=O,True
O=C1CC=C(C#N)C1=O,True
O=C1NC=C(C#C)C1=O,True
N=C1NC=CC(=O)C1=O,True
O=C1CC=CC(=O)C1=O,True
O=C1NC=CC(=O)C1=O,True
N=C1CC(=O)C(=O)CO1,True
O=C1CC(=O)C(=O)CN1,True
O=C1CCC(C#C)C1=O,True
O=C1CNC(C#C)C1=O,True
O=C1COC(C#C)C1=O,True
O=C1OCC(C#C)C1=O,True
O=C1CCC2(CC2)C1=O,True
O=C1CCC2(CN2)C1=O,True
O=C1CCC2(CO2)C1=O,True
O=C1CNC2(CC2)C1=O,True
O=C1COC2(CC2)C1=O,True
O=C1NCC2(CN2)C1=O,True
O=C1OCC2(CN2)C1=O,True
O=C1OCC2(CO2)C1=O,True
O=C1CCC2CC2C1=O,True
O=C1CCC2NC2C1=O,True
O=C1CCC2OC2C1=O,True
O=C1CCN2CC2C1=O,True
O=C1CNC2CC2C1=O,True
O=C1COC2CC2C1=O,True
O=C1COC=NCC1=O,True
N=C1NCCC(=O)C1=O,True
N=C1OCCC(=O)C1=O,True
N=C1OCOC(=O)C1=O,True
O=C1CCCC(=O)C1=O,True
O=C1CCNC(=O)C1=O,True
O=C1CCOC(=O)C1=O,True
O=C1CNCC(=O)C1=O,True
O=C1COCC(=O)C1=O,True
O=C1OCOC(=O)C1=O,True
O=C1CNCC(=O)C=C1,True
O=C1COCC(=O)C=C1,True
O=C1CNCC(=C1)C#N,True
O=C1COCC(=C1)C#N,True
O=C1CNCC=C1C#C,True
O=C1CNCC=C1C#N,True
O=C1CCCC=CC1=O,True
O=C1CCNC=CC1=O,True
O=C1CNCC=CC1=O,True
O=C1COCC=CC1=O,True
O=C1CCCOCC1=O,True
O=C1COCOCC1=O,True
O=CC#CCC(=O)C=O,True
O=CC(=O)C#CC1CC1,True
O=CC(=O)C#CC1CN1,True
O=CC(=O)C#CC1CO1,True
O=CC(=O)C#CCC#C,True
O=CC(=O)C#CCC#N,True
N=C(N1CC1)C(=O)C=O,True
O=CC(=O)C(=O)C1CC1,True
O=CC(=O)C(=O)C1CN1,True
O=CC(=O)C(=O)C1CO1,True
O=CC(=O)C(=O)N1CC1,True
O=CC(=O)C(=O)CC#C,True
O=CC(=O)C(C#C)C#C,True
O=CC(=O)C(C#C)C#N,True
O=CC(=O)C1(CN1)C#C,True
O=CC(=O)C1(CN1)C#N,True
O=CC(=O)C1(CO1)C#C,True
O=CC(=O)C1(CO1)C#N,True
O=CC(=O)C1(CC1)C=O,True
O=CC(=O)C1(CN1)C=O,True
O=CC(=O)C1(CO1)C=O,True
O=CC(=O)C12CC(C1)C2,True
O=CC(=O)C12CC(C1)N2,True
O=CC(=O)C12CC(C1)O2,True
O=CC(=O)C12CN(C1)C2,True
O=CC(=O)C12CC1CC2,True
O=CC(=O)C12CC1CO2,True
O=CC(=O)C12CC1OC2,True
O=CC(=O)C12CCC1N2,True
O=CC(=O)C12CCC1O2,True
O=CC(=O)C12CN1CC2,True
O=CC(=O)C1=CCCC1,True
O=CC(=O)C1=CNCC1,True
O=CC(=O)C1=NCCN1,True
O=CC(=O)C1=NCCO1,True
O=CC(=O)C1C2CC1C2,True
O=CC(=O)C1C2CC1O2,True
O=CC(=O)C1C2CN1C2,True
O=CC(=O)C1C2CCC12,True
O=CC(=O)C1C2CCN12,True
O=CC(=O)C1C2COC12,True
N=C1CC(O1)C(=O)C=O,True
O=CC(=O)C1CC(=O)C1,True
O=CC(=O)C1CC(=O)N1,True
O=CC(=O)C1CC(=O)O1,True
O=CC(=O)C1CC1C#C,True
O=CC(=O)C1CC1C#N,True
O=CC(=O)C1NC1C#C,True
O=CC(=O)C1NC1C#N,True
O=CC(=O)C1OC1C#C,True
O=CC(=O)C1OC1C#N,True
O=CC(=O)N1CC1C#C,True
O=CC(=O)N1CC1C#N,True
O=CC(=O)C1CC2CC12,True
O=CC(=O)C1CC2CN12,True
O=CC(=O)C1CC2NC12,True
O=CC(=O)C1CC2OC12,True
O=CC(=O)C1CN2CC12,True
O=CC(=O)C1OC2CC12,True
O=CC(=O)C1CC=CC1,True
N=C1OCC1C(=O)C=O,True
O=CC(=O)C1CNC1=O,True
O=CC(=O)N1CCC1=O,True
O=CC(=O)C1CCC=C1,True
O=CC(=O)C1COC=N1,True
O=CC(=O)C1OCC=C1,True
O=CC(=O)C1CCCC1,True
O=CC(=O)C1CCCO1,True
O=CC(=O)C1CCOC1,True
O=CC(=O)C1COCO1,True
O=CC(=O)CC#CC#C,True
O=CC(=O)CC#CC#N,True
N=C(NC(=O)C=O)C#C,True
O=CC(=O)NC(=O)C#C,True
O=CC(=O)CC1CCC1,True
O=CC(=O)CC1CCO1,True
O=CC(=O)CC1COC1,True
O=CC(=O)CN1CCC1,True
O=CC(=O)CCC1CC1,True
O=CC(=O)CCC1CO1,True
O=CC(=O)CCN1CC1,True
O=CC(=O)COC1CC1,True
O=CC(=O)CCCC#C,True
O=CC(=O)CCCC#N,True
O=CC(=O)CNCC#N,True
O=CC(=O)COCC#C,True
O=CC(=O)COCC#N,True
N=CN(C=N)C(=O)C=O,True
N=CN(C=O)C(=O)C=O,True
O=CN(C=O)C(=O)C=O,True
O=CC12C3CN=C1OC23,True
O=CC12OC3=NCC1C23,True
O=CC1=C(CCC1)C=O,True
O=CC1=C(NCC1)C=O,True
O=CC1=C2CC3C(C1)C23,True
O=CC1=C2CC3C2N3C1,True
O=CC1=C2CN3C(C1)C23,True
O=CC1=C2NC3C(C1)C23,True
N=C1NC(C=O)=CC1=O,True
O=CC1=CC(=O)C(=O)C1,True
O=CC1=CC(=O)C2CC12,True
O=CC1=CC(=O)C2NC12,True
O=CC1=CC(=O)C2OC12,True
N=C1NC(=N)C(C=O)=C1,True
N=C1NC(=O)C(C=O)=C1,True
N=C1NC(=O)C=C1C=O,True
N=C1OC(=O)C(C=O)=C1,True
N=C1OC(=O)C=C1C=O,True
O=CC1=CC(=O)CC1=O,True
O=CC1=CC(=O)NC1=O,True
O=CC1=CC(=O)CCC1,True
O=CC1=CC(=O)CCN1,True
O=CC1=CC(=O)CNC1,True
O=CC1=CC(=O)COC1,True
O=CC1=CC2CC2C1=O,True
O=CC1=CC2NC2C1=O,True
O=CC1=CC2OC2C1=O,True
N=C1NC=C(C=O)C1=O,True
O=CC1=CCC(=O)C1=O,True
O=CC1=CNC(=O)C1=O,True
O=CC1=CCCCC1=O,True
O=CC1=CCOCC1=O,True
O=CC1C(=O)C=CC1=O,True
O=CN1C2C3CN=C1C23,True
O=CC1N=C2OC3C1C23,True
N=C1N(C=O)C=CC1=O,True
N=CN1C=CC(=O)C1=O,True
O=CC1C=CC(=O)C1=O,True
O=CN1C=CC(=O)C1=O,True
O=CN1C=CC=CC=C1,True
O=CC1CC(=O)C(=O)C1,True
O=CC1CC1C(=O)C=O,True
O=CC1CN1C(=O)C=O,True
O=CC1NC1C(=O)C=O,True
O=CC1OC1C(=O)C=O,True
O=CN1CC1C(=O)C=O,True
N=CN1CCC(=O)C1=O,True
O=CN1CCC(=O)C1=O,True
O=CCC#CC(=O)C=O,True
N=C(NC=O)C(=O)C#C,True
N=CNC(=N)C(=O)C#N,True
N=CNC(=O)C(=O)C#C,True
N=COC(=O)C(=O)C#C,True
N=COC(=O)C(=O)C#N,True
O=CNC(=O)C(=O)C#C,True
N=C(NC=O)C(=O)C=O,True
N=C(OC=O)C(=O)C=O,True
N=CNC(=N)C(=O)C=O,True
N=CNC(=O)C(=O)C=O,True
N=COC(=O)C(=O)C=O,True
O=CNC(=O)C(=O)C=O,True
N=COCCC(=O)C=O,True
O=CCCCC(=O)C=O,True
O=CCNCC(=O)C=O,True
O=CCOCC(=O)C=O,True
O=CNCCC(=O)C=O,True
O=COCCC(=O)C=O,True
CC#CC#CC#CC=O,True
CC#CC#CC(=O)C=O,True
CC#CC(=O)C(=O)C#C,True
CC#CC(=O)C(=O)C#N,True
CC#CC(=O)C(=O)C=O,True
CC#CC(C)C(=O)C=O,True
CC#CC(O)C(=O)C=O,True
CC#CCC(=O)C(C)=O,True
CC#CCCC(=O)C=O,True
CC(=O)C#CC(=O)C=O,True
NC(=O)C#CC(=O)C=O,True
CC(=O)C(=O)C#CC#C,True
CC(=O)C(=O)C#CC#N,True
NC(=O)C(=O)C#CC#C,True
NC(=O)C(=O)C#CC#N,True
CC(=O)C(=O)C#CC=O,True
NC(=O)C(=O)C#CC=O,True
CC(=O)C(=O)C(=O)C#C,True
NC(=O)C(=O)C(=O)C#C,True
NC(=O)C(=O)C(=O)C#N,True
CC(=O)C(=O)C(=O)C=O,True
NC(=N)C(=O)C(=O)C=O,True
NC(=O)C(=O)C(=O)C=O,True
CC(=O)C(=O)C(C)(C)C,True
CC(=O)C(=O)C(C)(C)O,True
CC(C)(O)C(=O)C(N)=O,True
CC(=O)C(=O)C1(C)CC1,True
CC(=O)C(=O)C1(C)CN1,True
CC(=O)C(=O)C1(C)CO1,True
CC(=O)C(=O)C1(O)CC1,True
CC1(CO1)C(=O)C(N)=O,True
CC(=O)C(=O)C1CCC1,True
CC(=O)C(=O)C1CCO1,True
CC(=O)C(=O)C1COC1,True
CC(=O)C(=O)CC1CC1,True
CC(=O)C(=O)CC1CN1,True
CC(=O)C(=O)CC1CO1,True
CC(=O)C(=O)CN1CC1,True
CC(=O)C(=O)CCC#C,True
CC(=O)C(=O)CCC#N,True
CC(=O)C(=O)CCC=O,True
CC(=O)C(=O)CNC=O,True
CC(=O)C(=O)COC=N,True
CC(=O)C(=O)COC=O,True
CC(=O)C1=CC(=O)CC1,True
CC(=O)C(=O)CC(N)=O,True
CC(=O)NC(=O)C(C)=O,True
CC(=N)OCC(=O)C=O,True
CC(=O)CCC(=O)C=O,True
CC(=O)NCC(=O)C=O,True
CC(=O)OCC(=O)C=O,True
NC(=O)CCC(=O)C=O,True
NC(=O)NCC(=O)C=O,True
NC(=O)OCC(=O)C=O,True
CC(=O)C(=O)C(O)C#C,True
CC(C#C)C(=O)C(C)=O,True
CC(C(N)=O)C(=O)C=O,True
CN(C(C)=O)C(=O)C=O,True
NC(=O)C(O)C(=O)C=O,True
CC(C)(C#C)C(=O)C=O,True
CC(C)(C#N)C(=O)C=O,True
CC(O)(C#C)C(=O)C=O,True
CC(O)(C#N)C(=O)C=O,True
CC(C)(C)CC(=O)C=O,True
CC(C)(O)CC(=O)C=O,True
CC(O)(C=O)C(=O)C=O,True
CC(C)C#CC(=O)C=O,True
CC(O)C#CC(=O)C=O,True
CC(C)C(=O)C(=O)C#C,True
CC(C)C(=O)C(=O)C#N,True
CC(O)C(=O)C(=O)C#C,True
CC(O)C(=O)C(=O)C#N,True
CN(C)C(=N)C(=O)C#N,True
CC(C)C(=O)C(=O)C=O,True
CC(O)C(=O)C(=O)C=O,True
CN(C)C(=O)C(=O)C=O,True
CC(N(C)C)C(=O)C#N,True
CC(C)C(C)C(=O)C=O,True
CC(C)C(O)C(=O)C=O,True
CC(O)C(C)C(=O)C=O,True
CC(O)C(O)C(=O)C=O,True
CC(C)CC(=O)C(C)=O,True
CC(O)CC(=O)C(C)=O,True
CN(C)CC(=O)C(C)=O,True
CN(C)CC(=O)C(N)=O,True
CC(C)NCC(=O)C#N,True
CN(C)CCC(=O)C#N,True
CC(C)CCC(=O)C=O,True
CC(C)OCC(=O)C=O,True
CC(O)CCC(=O)C=O,True
CC(C1CC1)C(=O)C=O,True
CC(C1CN1)C(=O)C=O,True
CC(C1CO1)C(=O)C=O,True
CC(N1CC1)C(=O)C=O,True
OC(C1CC1)C(=O)C=O,True
OC(C1CN1)C(=O)C=O,True
OC(C1CO1)C(=O)C=O,True
CC(CC#C)C(=O)C=O,True
CC(CC#N)C(=O)C=O,True
OC(CC#C)C(=O)C=O,True
OC(CC#N)C(=O)C=O,True
CC(CC(=O)C=O)C#C,True
CC(CC(=O)C=O)C#N,True
OC(CC(=O)C=O)C#C,True
CC(CC(=O)C=O)C=O,True
CN(CC(=O)C=O)C=O,True
OC(CC(=O)C=O)C=O,True
CC(CC=O)C(=O)C=O,True
CC(NC=O)C(=O)C=O,True
CC(OC=N)C(=O)C=O,True
CC(OC=O)C(=O)C=O,True
OC(CC=O)C(=O)C=O,True
CC1(C)C(=O)C=CC1=O,True
CC1(O)C(=O)C=CC1=O,True
CC1(C)N=C2OC3C2C13,True
CC1(C)C=CC(=O)C1=O,True
CC1(O)C=CC(=O)C1=O,True
CC1(C)CC(=O)C(=O)C1,True
CC1(O)CC(=O)C(=O)C1,True
CC1(C)CC1C(=O)C=O,True
CC1(C)CN1C(=O)C=O,True
CC1(C)NC1C(=O)C=O,True
CC1(O)CC1C(=O)C=O,True
CC1(C)CCC(=O)C1=O,True
CC1(C)COC(=O)C1=O,True
CC1(C)NCC(=O)C1=O,True
CC1(C)OCC(=O)C1=O,True
CC1(O)CCC(=O)C1=O,True
CC1(O)CNC(=O)C1=O,True
CC1(O)COC(=O)C1=O,True
CC1(CC(=O)C=O)CC1,True
CC1(CC(=O)C=O)CN1,True
CC1(CC(=O)C=O)CO1,True
OC1(CC(=O)C=O)CC1,True
CC1(CCC1)C(=O)C=O,True
CC1(CCO1)C(=O)C=O,True
CC1(COC1)C(=O)C=O,True
OC1(CCC1)C(=O)C=O,True
OC1(COC1)C(=O)C=O,True
CC12C3C1C1=CC2C3C1,True
CC12C3C1C1=CC2N3C1,True
CC12C3C4OC(=NC14)N23,True
OC12C3C1C1=CC2C3C1,True
OC12C3C1C1=CC2N3C1,True
OC12C3C1C1=NC2C3O1,True
CC12C3C1C1=CC3N2C1,True
CC12C3C4N=C(OC14)N23,True
CC12C3N1C1C=C3CC21,True
OC12C3C1C1=CC3C2C1,True
OC12C3C1C1=NC3C2O1,True
CC12C3C4C1CN=C4N23,True
CC12C3C4CN=C(C14)N23,True
CC12C3C1C1C=C2CC31,True
CC12C3C1N1CC2=CC31,True
CC12C3C4C=C1CC4N23,True
OC12C3C1C1C=C2CC31,True
CC12C3C4C1CN=C2N34,True
OC12C3C4C1CN=C2N34,True
CC12C3C4N=C1OC2C34,True
NC12C3C4N=C1OC2C34,True
OC12C3C4N=C1OC2C34,True
CC12C3N=C4OC(C13)C24,True
OC12C3N=C4OC(C13)C24,True
CC12C3N=C4OC1C4C23,True
OC12C3N=C4OC1C4C23,True
CC12C3NC(=CC1=O)C23,True
OC12C3NC(=CC1=O)C23,True
CC12C3NC1=CC(=O)C23,True
OC12C3CC1=CC(=O)C23,True
OC12C3NC1=CC(=O)C23,True
CC12N=C3OC4C1C2C34,True
CC12CC(C1)C(=O)C2=O,True
CC12CC(N1)C(=O)C2=O,True
CC12CC(O1)C(=O)C2=O,True
OC12CC(C1)C(=O)C2=O,True
CC12CC(=O)C(=O)C1N2,True
CC12CC(=O)C(=O)C1O2,True
CC12CC1C(=O)C(=O)C2,True
CC12CN1C(=O)C(=O)C2,True
OC12CC1C(=O)C(=O)C2,True
CC12CC1CC(=O)C2=O,True
CC12CN1CC(=O)C2=O,True
CC12NC1CC(=O)C2=O,True
CC12OC1CC(=O)C2=O,True
OC12CC1CC(=O)C2=O,True
CC12NC3=CC(=O)C1C23,True
CC12NC3=NCC1C23O,True
CC12OC3=NCC1C23C,True
CC12OC3=NCC1C23N,True
CC12OC3=NCC1C23O,True
NC12CC3C1NC23C#N,True
CC12CN=C3C1C1C2N31,True
OC12CN=C3C1C1C2N31,True
CC12CN=C3NC1C23O,True
CC12CN=C3OC1C23C,True
CC12CN=C3OC1C23N,True
CC12CN=C3OC1C23O,True
NC12C3OC1=NCC23O,True
NC12CN=C3OC1C23N,True
NC12CN=C3OC1C23O,True
CC1=C(C)C(=O)C(=O)N1,True
CC1=C(N)CC(=O)C1=O,True
CC1=C(C)C(=O)CC1=O,True
CC1=C(CCC1=O)C=O,True
CC1=C2CN3C2C3C1=O,True
CC1=C2NC3C2C3C1=O,True
CC1=CC(=O)C(=O)CC1,True
NC1=CC(=O)C(=O)CC1,True
CC1=CCC(=O)C(=O)C1,True
CC1=CCCC(=O)C1=O,True
NC1=NCCC(=O)C1=O,True
NC1=NCCC=CC1=O,True
CC1=CC(=O)C(O)C1=O,True
CC1C(=O)C=C(C)C1=O,True
CC1=CC(=O)C(=O)C1O,True
CC1C(C)=CC(=O)C1=O,True
CC1C(N)=CC(=O)C1=O,True
CN1C(C)=CC(=O)C1=O,True
NC1=CC(=O)C(=O)C1O,True
CC1C(C)C1C(=O)C=O,True
CC1C(N1C)C(=O)C=O,True
CC1C(O)C1C(=O)C=O,True
OC1C(O)C1C(=O)C=O,True
CN1C2C3CN=C1C23O,True
CC1C2CC(=O)C(=O)C12,True
CC1C2CC(=O)C(=O)N12,True
CC1C2N1CC(=O)C2=O,True
CN1C2CC(=O)C(=O)C12,True
OC1C2CC(=O)C(=O)C12,True
CC1C2CC1C(=O)C2=O,True
CC1C2NC1C(=O)C2=O,True
CC1C2OC1C(=O)C2=O,True
OC1C2CC1C(=O)C2=O,True
OC1C2NC1C(=O)C2=O,True
OC1C2OC1C(=O)C2=O,True
CC1C2CC2C(=O)C1=O,True
CC1C2CN2C(=O)C1=O,True
CC1C2NC2C(=O)C1=O,True
CC1C2OC2C(=O)C1=O,True
CC1N2CC2C(=O)C1=O,True
OC1C2CC2C(=O)C1=O,True
OC1C2CN2C(=N)C1=O,True
OC1C2CN2C(=O)C1=O,True
OC1C2NC2C(=O)C1=O,True
OC1C2OC2C(=O)C1=O,True
CC1=CC(O)C(=O)C1=O,True
CC1C=C(C)C(=O)C1=O,True
CC1N=C(N)C(=O)C1=O,True
CN1C=C(C)C(=O)C1=N,True
CN1C=C(C)C(=O)C1=O,True
CC1N=C2C3C4C(C13)N24,True
CC1N=C2NC3C1C23O,True
CC1N=C2OC3C1C23C,True
CC1N=C2OC3C1C23N,True
CC1N=C2OC3C1C23O,True
CC1C=CCC(=O)C1=O,True
CC1C(O)CC(=O)C1=O,True
CC1CC(=O)C(=O)C1C,True
CC1CC(=O)C(=O)C1O,True
CC1N(C)CC(=O)C1=O,True
OC1CC(=O)C(=O)C1O,True
CC1CC(=O)C(=O)C=C1,True
CC1NC(=O)C(=O)C=C1,True
OC1CC(=O)C(=O)C=C1,True
OC1CC(=O)C(C=O)=C1,True
CC1CC(=O)C=C1C=O,True
OC1CC(=O)C=C1C=O,True
CC1CC(=O)C=CC1=O,True
OC1CC(=O)C=CC1=O,True
CC1CC(C)C(=O)C1=O,True
CC1CC(O)C(=O)C1=O,True
CC1NC(C)C(=O)C1=O,True
CC1OC(C)C(=O)C1=O,True
OC1CC(O)C(=O)C1=O,True
CC1CC(C1)C(=O)C=O,True
CC1CC(O1)C(=O)C=O,True
CN1CC(C1)C(=O)C=O,True
OC1CC(C1)C(=O)C=O,True
CC1CC(C=O)=CC1=O,True
OC1CC(C=O)=CC1=O,True
CC1(CC1O)C(=O)C=O,True
CC1CC1(C)C(=O)C=O,True
CC1CC1(O)C(=O)C=O,True
CC1NC1(C)C(=O)C=O,True
CC1OC1(C)C(=O)C=O,True
CN1CC1(C)C(=O)C=O,True
OC1CC1(O)C(=O)C=O,True
CC(=O)C(=O)C1CC1O,True
CC1CC1C(=O)C(C)=O,True
CC1OC1C(=O)C(C)=O,True
CN1CC1C(=O)C(C)=O,True
CN1CC1C(=O)C(N)=O,True
CC1CC1CC(=O)C=O,True
CC1CN1CC(=O)C=O,True
CC1NC1CC(=O)C=O,True
CC1OC1CC(=O)C=O,True
CN1CC1CC(=O)C=O,True
OC1CC1CC(=O)C=O,True
OC1CC=C(C=O)C1=O,True
CC1CC=CC(=O)C1=O,True
OC1CC=CC(=O)C1=O,True
CC1CC(=O)C(=O)CN1,True
CC1CC(=O)C(=O)CO1,True
CC1CCC(=O)C(=O)C1,True
CN1CCC(=O)C(=O)C1,True
CC1CCC1C(=O)C=O,True
CC1COC1C(=O)C=O,True
CC1OCC1C(=O)C=O,True
CN1CCC1C(=O)C=O,True
OC1CCC1C(=O)C=O,True
OC1CNC1C(=O)C=O,True
OC1COC1C(=O)C=O,True
CC1CCCC(=O)C1=O,True
CC1CNCC(=O)C1=O,True
CC1COCC(=O)C1=O,True
CC1OCCC(=O)C1=O,True
OC1CCCC(=O)C1=O,True
OC1CNCC(=O)C1=O,True
OC1COCC(=O)C1=O,True
CN=C(N)C(=O)C(N)=O,True
CN=C(C=O)N(C)C=N,True
CN=C(C=O)N1CC1C,True
CN=C(C=O)N1CCC1,True
CN=C(OC(N)=O)C=O,True
CN=C(NC(C)C)C=O,True
CN=C(NC1CC1)C=O,True
CN=C(NCC#C)C=O,True
CN=C(NCC#N)C=O,True
CN=C(NCC=O)C=O,True
CN=C1N(C)CCC1=O,True
CN=C1NC(C)CC1=O,True
CN=C1NC=C(C)C1=O,True
CN=C1NCC=CC1=O,True
CN=CNC(=O)C(C)=O,True
CN=COCC(=O)C=O,True
CC(=O)C(=O)C#CCO,True
CCC#CC(=O)C(C)=O,True
CCC#CC(=O)C(N)=O,True
OCC#CCC(=O)C=O,True
CC#CC(=O)C(=O)CO,True
CC(=O)C(=O)C(=O)CO,True
CCC(=O)C(=O)C(C)=O,True
CCC(=O)C(=O)C(N)=O,True
CNC(=N)C(=O)C(C)=O,True
CNC(=N)C(=O)C(N)=N,True
CNC(=O)C(=O)C(C)=O,True
CNC(=O)C(=O)C(N)=N,True
COC(=O)C(=O)C(C)=O,True
NC(=O)C(=O)C(=O)CO,True
CC(C)C(=O)C(=O)CO,True
CC(O)C(=O)C(=O)CO,True
CCC(=O)C(=O)C(C)C,True
CCC(=O)C(=O)C(C)O,True
CCC(=O)C(=O)C1CC1,True
CCC(=O)C(=O)C1CN1,True
CCC(=O)C(=O)C1CO1,True
OCC(=O)C(=O)C1CC1,True
OCC(=O)C(=O)C1CN1,True
OCC(=O)C(=O)C1CO1,True
CCC(=O)C(=O)CC#C,True
CCC(=O)C(=O)CC#N,True
OCC(=O)C(=O)CC#C,True
CCC(=O)C(=O)NC=O,True
OCC(=O)C(=O)NC=O,True
CCC(=N)NC(=O)C=O,True
CNC(=N)NC(=O)C=O,True
CNC(=O)CC(=O)C=O,True
OCC(=N)NC(=O)C=O,True
CNC(=NC)C(=O)C=O,True
CCC(C#C)C(=O)C=O,True
CNC(C#C)C(=O)C=O,True
COC(C#C)C(=O)C=O,True
OCC(C#C)C(=O)C=O,True
CC(C)(CO)C(=O)C=O,True
CC(O)(CO)C(=O)C=O,True
CCC(C)(C)C(=O)C=O,True
CCC(C)(O)C(=O)C=O,True
COC(C)(C)C(=O)C=O,True
CC(=O)C(=O)C(O)CO,True
CC(CO)C(=O)C(C)=O,True
CCC(C)C(=O)C(C)=O,True
CCC(O)C(=O)C(C)=O,True
CC(CO)CC(=O)C=O,True
CCC(C)CC(=O)C=O,True
CCC(O)CC(=O)C=O,True
CCN(C)CC(=O)C=O,True
COC(C)CC(=O)C=O,True
OCC(O)CC(=O)C=O,True
CNC(C=O)=NC(C)C,True
CNC(C=O)=NCC#C,True
CNC(C=O)=NCC=O,True
CCN(C=O)C(=O)C=O,True
COC(C=O)C(=O)C=O,True
CCC(NC)C(=O)C#N,True
CCC(CC)C(=O)C=O,True
CCC(CO)C(=O)C=O,True
CCC(OC)C(=O)C=O,True
CNC(CO)C(=O)C=O,True
COC(CO)C(=O)C=O,True
OCC(CO)C(=O)C=O,True
CCC1(CC1)C(=O)C=O,True
CCC1(CN1)C(=O)C=O,True
CCC1(CO1)C(=O)C=O,True
COC1(CC1)C(=O)C=O,True
OCC1(CC1)C(=O)C=O,True
OCC1(CN1)C(=O)C=O,True
OCC1(CO1)C(=O)C=O,True
CCC12C3CN=C1OC23,True
CNC12C3CN=C1OC23,True
COC12C3CN=C1NC23,True
COC12C3CN=C1OC23,True
OCC12C3CN=C1OC23,True
CCC1=CC(=O)C(=O)C1,True
CCC1=CC(=O)C(=O)N1,True
CNC1=CC(=O)C(=O)C1,True
OCC1=CC(=O)C(=O)C1,True
OCC1=CC(=O)C(=O)N1,True
CCC1=CC(=O)CC1=O,True
OCC1=CC(=O)CC1=O,True
CCC1=CCC(=O)C1=O,True
CCC1=CNC(=O)C1=O,True
CNC1=NCC(=O)C1=O,True
OCC1=CCC(=O)C1=O,True
OCC1=CNC(=N)C1=O,True
OCC1=CNC(=O)C1=O,True
CCC1C(=O)C=CC1=O,True
CNC1C(=O)C=CC1=O,True
COC1C(=O)C=CC1=O,True
OCC1C(=O)C=CC1=O,True
CCC1C=CC(=O)C1=O,True
CCN1C=CC(=O)C1=N,True
CNC1C=CC(=O)C1=O,True
COC1C=CC(=O)C1=O,True
OCC1C=CC(=O)C1=O,True
CCC1CC(=O)C(=O)C1,True
COC1CC(=O)C(=O)C1,True
OCC1CC(=O)C(=O)C1,True
CCC1CC1C(=O)C=O,True
CCC1CN1C(=O)C=O,True
CCC1NC1C(=O)C=O,True
CCC1OC1C(=O)C=O,True
CCN1CC1C(=O)C=O,True
COC1CC1C(=O)C=O,True
OCC1CC1C(=O)C=O,True
OCC1CN1C(=O)C=O,True
OCC1NC1C(=O)C=O,True
OCC1OC1C(=O)C=O,True
CCC1CCC(=O)C1=O,True
CCC1COC(=O)C1=O,True
CCC1NCC(=O)C1=O,True
CCC1OCC(=O)C1=O,True
CNC1CNC(=O)C1=O,True
CNC1COC(=O)C1=O,True
COC1CCC(=O)C1=O,True
COC1CNC(=O)C1=O,True
COC1COC(=O)C1=O,True
COC1OCC(=O)C1=O,True
OCC1CCC(=O)C1=O,True
OCC1COC(=O)C1=O,True
OCC1NCC(=O)C1=O,True
OCC1OCC(=O)C1=O,True
CCN=C(N)C(=O)C=O,True
CCN=C(NC=N)C=O,True
CCN=C(NC=O)C=O,True
CCN=C1NC=CC1=O,True
COC=NCC(=O)C=O,True
CCCC#CC(=O)C=O,True
COCC#CC(=O)C=O,True
OCCC#CC(=O)C=O,True
CNCC(=O)C#CC#N,True
CCCC(=O)C(=O)C#C,True
CCCC(=O)C(=O)C#N,True
CCNC(=O)C(=O)C#C,True
CCOC(=O)C(=O)C#N,True
CNCC(=O)C(=O)C#N,True
COCC(=O)C(=O)C#C,True
COCC(=O)C(=O)C#N,True
OCCC(=O)C(=O)C#C,True
OCCC(=O)C(=O)C#N,True
CCCC(=O)C(=O)C=O,True
CCNC(=N)C(=O)C=O,True
CCNC(=O)C(=O)C=O,True
CCOC(=N)C(=O)C=O,True
CCOC(=O)C(=O)C=O,True
CCC(=O)C(=O)CCO,True
CCC(=O)C(=O)COC,True
CCCC(=O)C(=O)CC,True
CCCC(=O)C(=O)CO,True
COCC(=O)C(=O)CO,True
OCCC(=O)C(=O)CO,True
CC(CCO)C(=O)C=O,True
CCCC(C)C(=O)C=O,True
CCCC(O)C(=O)C=O,True
CCOC(C)C(=O)C=O,True
COCC(C)C(=O)C=O,True
COCC(O)C(=O)C=O,True
OCCC(O)C(=O)C=O,True
CCNC(C=O)=NCC,True
CCCN=C(NC)C=O,True
CC(=O)C(=O)CCCO,True
CCCCC(=O)C(C)=O,True
CCOCC(=O)C(C)=O,True
COCCC(=O)C(C)=O,True
CCCNC(C=O)=NC,True
CN=C(NCCO)C=O,True
OCCNCC(=O)C#C,True
CCCCCC(=O)C=O,True
CCCOCC(=O)C=O,True
CCOCCC(=O)C=O,True
COCCCC(=O)C=O,True
OCCCCC(=O)C=O,True
OCCNCC(=O)C=O,True
OCCOCC(=O)C=O,True
C#CCC1=CN=CN=N1,True
C#CCC1=CN=NC=N1,True
C#CCC1=CN=NN=N1,True
C#CCC1=NC=CN=N1,True
C#CCC1=NC=NN=N1,True
C1=C2N=CN=NN2N=N1,True
C1=CN2N=NC=NC2=C1,True
C1=NC=C2N=CN=NN12,True
C1=NN2N=NC=NC2=N1,True
C1C2CC1C1=C2ON=N1,True
C1C2CC3=C(N=NO3)C12,True
C1C2CC3=C(ON=N3)C12,True
C1C2CC3=C(ON=N3)N12,True
C1C2CN1C1=C2N=NO1,True
C1C2CN1C1=C2ON=N1,True
C1C2N1CC1=C2N=NO1,True
C1C2NC1C1=C2ON=N1,True
C1C2NC2C2=C1N=NO2,True
C1C2NC2C2=C1ON=N2,True
C1C2NC3=C(N=NO3)C12,True
C1C2NC3=C(ON=N3)C12,True
C1C2OC1C1=C2ON=N1,True
C1C2OC2C2=C1N=NO2,True
C1C2OC2C2=C1ON=N2,True
C1C2OC3=C(N=NO3)C12,True
C1C2OC3=C(ON=N3)C12,True
C1CC1C1=CN=CN=N1,True
C1CC1C1=NC=NN=N1,True
C1CC2=C(C=C1)N=NO2,True
C1CN1C1=NC=CN=N1,True
C1CN1C1=NC=NN=N1,True
C1CNC2=C(C1)N=NO2,True
C1CNC2=C(N1)ON=N2,True
C1COC2=C(C1)N=NO2,True
C1COC2=C(N1)N=NO2,True
C1COC2=C(N1)ON=N2,True
C1COC2=C(ON=N2)O1,True
C1N=CNC2=C1N=NO2,True
C1N=COC2=C1N=NO2,True
C1NC1C1=CN=CN=N1,True
C1NC1C1=NC=CN=N1,True
C1NC1C1=NC=NN=N1,True
C1NC2=C(C=C1)N=NO2,True
C1NC=NC2=C1ON=N2,True
C1OC1C1=CN=CN=N1,True
C1OC1C1=CN=NC=N1,True
C1OC1C1=NC=CN=N1,True
C1OC1C1=NC=NN=N1,True
C1OC2=C(C=C1)N=NO2,True
CC#CC1=C(N)ON=N1,True
CC(=O)C1=CN=NC=N1,True
CC(=O)C1=CN=NN=N1,True
CC(=O)C1=NC=CN=N1,True
CC(=O)C1=NC=NN=N1,True
CC(C)C1=C(N)ON=N1,True
CC(C)C1=CN=CN=N1,True
CC(C)C1=NC=CN=N1,True
CC(C)C1=NC=NN=N1,True
CC(O)C1=C(N)ON=N1,True
CC(O)C1=NC=CN=N1,True
CC(O)C1=NC=NN=N1,True
CC1=C2N=NOC2=NN1,True
CC1=C2ON=NC2=NN1,True
CC1=CC2=C(N1)ON=N2,True
CC1=CC2=C(O1)N=NO2,True
CC1=CC2=C(ON=N2)O1,True
CC1=CN=C(C=O)N=N1,True
CC1=CN=C(N=N1)C#C,True
CC1=CNC2=C1N=NO2,True
CC1=COC2=C1N=NO2,True
CC1=COC2=C1ON=N2,True
CC1=NC2=C(O1)N=NO2,True
CC1=NC2=C(ON=N2)O1,True
CC1=NC=C(CO)N=N1,True
CC1=NC=C(N=N1)C#C,True
CC1=NC=C(N=N1)C#N,True
CC1=NOC2=C1N=NO2,True
CC1=NOC2=C1ON=N2,True
CC1=NON=C(C)C1=O,True
CC1CC2=C(C1)N=NO2,True
CC1CC2=C(N1)ON=N2,True
CC1CC2=C(O1)N=NO2,True
CC1CC2=C(ON=N2)O1,True
CC1CCC2=C1N=NO2,True
CC1CCC2=C1ON=N2,True
CC1CNC2=C1N=NO2,True
CC1CNC2=C1ON=N2,True
CC1COC2=C1N=NO2,True
CC1COC2=C1ON=N2,True
CC1NCC2=C1N=NO2,True
CC1NCC2=C1ON=N2,True
CC1OC2=C(O1)N=NO2,True
CC1OCC2=C1N=NO2,True
CC1OCC2=C1ON=N2,True
CCC1=C(NC)ON=N1,True
CCC1=C(OC)ON=N1,True
CCC1=CN=C(N)N=N1,True
CCC1=CN=C(O)N=N1,True
CCC1=NC(=O)NN=N1,True
CCC1=NC=C(C)N=N1,True
CCC1=NOC(=O)C=N1,True
CCC1=NON=CC1=O,True
CCC1=NON=NC1=O,True
CCCC1=C(N)ON=N1,True
CCCC1=CN=CN=N1,True
CCCC1=NC=CN=N1,True
CCCC1=NC=NN=N1,True
CCN1N=CC(=O)N=N1,True
CCN1N=NC(=N)N=N1,True
CCN1N=NC(=O)N=N1,True
CCN1N=NC=NC1=O,True
CCN=C1C=NON=N1,True
CCN=C1N=NNN=N1,True
CCN=C1NN=NC=N1,True
CCNC1=C(C)N=NO1,True
CCNC1=NC=CN=N1,True
CCOC1=C(N)ON=N1,True
CCOC1=NC=CN=N1,True
CCOC1=NC=NN=N1,True
CN(C)C1=C(N)ON=N1,True
CN(C)C1=CN=CN=N1,True
CN(C)C1=NC=NN=N1,True
CN1C=C2N=NOC2=N1,True
CN1C=C2ON=NC2=N1,True
CN1C=CC2=C1ON=N2,True
CN1C=NC2=C1ON=N2,True
CN1CC2=C(C1)N=NO2,True
CN1CCC2=C1ON=N2,True
CN1N=C(N)C=NC1=N,True
CN1N=C(N)N=CC1=N,True
CN1N=C(O)N=CC1=N,True
CN1N=C2ON=NC2=N1,True
CN1N=CC2=C1ON=N2,True
CN1N=NC(C)=NC1=O,True
CN1N=NC2=C1ON=N2,True
CN=C1C=CN=NC=C1,True
CN=C1N=CC=NN1C,True
CN=C1N=CN=NC=N1,True
CN=C1N=NN(C)N=N1,True
CN=C1NN=C(C)C=N1,True
CN=C1NN=C(N)C=N1,True
CN=C1NN=NC(C)=N1,True
CN=C1ON=NC(N)=C1,True
CNC1=C(CO)N=NO1,True
CNC1=C(N=NO1)C#C,True
CNC1=C(N=NO1)C#N,True
CNC1=C(NC)N=NO1,True
CNC1=C(OC)ON=N1,True
CNC1=CC(=N)ON=N1,True
CNC1=CN=C(C)N=N1,True
CNC1=CN=C(O)N=N1,True
CNC1=NC=C(C)N=N1,True
CNC1=NNC(=N)C=N1,True
CNC1=NNC(=N)N=C1,True
CNC1=NOC(=O)C=N1,True
CNC1=NON=NC1=O,True
CNCC1=NC=CN=N1,True
CNCC1=NC=NN=N1,True
COC1=C(N=NO1)C#C,True
COC1=C(N=NO1)C#N,True
COC1=NNC(=N)N=C1,True
COC1=NOC(=O)C=N1,True
COC1=NON=NC1=O,True
COCC1=CN=CN=N1,True
COCC1=NC=CN=N1,True
COCC1=NC=NN=N1,True
N#CCC1=CN=CN=N1,True
N#CCC1=CN=NC=N1,True
N#CCC1=CN=NN=N1,True
N#CCC1=NC=CN=N1,True
N1C=C2C=NC=C2N=N1,True
N1C=CC2=CN=CC2=N1,True
N1C=NC2=CN=CC2=N1,True
N1N=CC2=CN=CC2=N1,True
N1N=CN=C2C=NC=C12,True
N1N=NC2=CC=CC2=N1,True
N1N=NC2=CN=CC2=N1,True
N1N=NC=C2C=CC=C12,True
N=C1C=CN=NOC1=O,True
N=C1C=CNN=C1C=O,True
N=C1C=CNN=NC1=O,True
N=C1C=CON=NC1=N,True
N=C1C=NON=C1C=O,True
N=C1C=NON=NC1=N,True
N=C1CC2=C(N1)N=NO2,True
N=C1CC2=C(N1)ON=N2,True
N=C1CC2=C(O1)N=NO2,True
N=C1CC2=C(ON=N2)O1,True
N=C1N=CN=NN1C=O,True
N=C1N=CN=NNC1=O,True
N=C1N=NN(C=O)N=N1,True
N=C1N=NOC(C=O)=N1,True
N=C1N=NON=C1C=O,True
N=C1N=NON=CC1=O,True
N=C1NC2=C(N1)N=NO2,True
N=C1NC2=C(O1)N=NO2,True
N=C1NC2=C(ON=N2)O1,True
N=C1NCC2=C1ON=N2,True
N=C1NN=CC(=N1)C#N,True
N=C1NN=CC(=O)C=N1,True
N=C1NN=CC(C=O)=N1,True
N=C1NN=CC=C1C=O,True
N=C1NN=CN=C1C=O,True
N=C1NN=CN=CC1=O,True
N=C1NN=NC(=N1)C#C,True
N=C1NN=NC(=N1)C#N,True
N=C1NN=NC(=O)C=C1,True
N=C1NN=NC(=O)C=N1,True
N=C1NN=NC(C=O)=N1,True
N=C1NN=NC=C1C=O,True
N=C1NN=NC=NC1=N,True
N=C1OC2=C(O1)N=NO2,True
N=C1OCC2=C1ON=N2,True
N=C1ON=C(C=O)N=C1,True
N=C1ON=CC(=O)C=N1,True
N=C1ON=CC=C1C=O,True
N=C1ON=CC=CC1=O,True
N=C1ON=CN=CC1=O,True
N=C1ON=NC(=N)C=N1,True
N=C1ON=NC(=N1)C#C,True
N=C1ON=NC(=N1)C#N,True
N=C1ON=NC(C=O)=C1,True
N=C1ON=NC=C1C#N,True
N=C1ON=NC=C1C=O,True
N=C1ON=NC=CC1=N,True
N=C1ON=NC=CC1=O,True
N=C1ON=NC=NC1=N,True
N=C1ON=NC=NC1=O,True
N=CNC1=NC=CN=N1,True
N=CNC1=NC=NN=N1,True
NC(=N)C1=C(N)ON=N1,True
NC(=N)C1=CN=NC=N1,True
NC(=N)C1=CN=NN=N1,True
NC(=N)C1=NC=CN=N1,True
NC(=N)C1=NC=NN=N1,True
NC(=O)C1=CN=CN=N1,True
NC(=O)C1=CN=NC=N1,True
NC(=O)C1=CN=NN=N1,True
NC(=O)C1=NC=NN=N1,True
NC1=C(CC#C)N=NO1,True
NC1=C(CC=O)N=NO1,True
NC1=C(N=NO1)N1CC1,True
NC1=C(NC=O)ON=N1,True
NC1=C(OC=O)N=NO1,True
NC1=C2N=NOC2=NN1,True
NC1=C2N=NOC2=NO1,True
NC1=C2ON=NC2=NN1,True
NC1=CC2=C(N1)N=NO2,True
NC1=CC2=C(O1)N=NO2,True
NC1=CC2=C(ON=N2)O1,True
NC1=CN=C(C=O)N=N1,True
NC1=CNC2=C1N=NO2,True
NC1=COC2=C1ON=N2,True
NC1=NC2=C(C1)N=NO2,True
NC1=NC2=C(C1)ON=N2,True
NC1=NC2=C(N1)N=NO2,True
NC1=NC2=C(O1)N=NO2,True
NC1=NC2=C(ON=N2)O1,True
NC1=NC=C(C=O)N=N1,True
NC1=NC=C(N=N1)C#C,True
NC1=NC=C(N=N1)C#N,True
NC1=NCC2=C1N=NO2,True
NC1=NNC2=C1N=NO2,True
NC1=NOC2=C1N=NO2,True
NC1=NOC2=C1ON=N2,True
NC1CNC2=C1ON=N2,True
NC1COC2=C1N=NO2,True
NC1COC2=C1ON=N2,True
NC=NC1=CN=CN=N1,True
NC=NC1=NC=CN=N1,True
NC=NC1=NC=NN=N1,True
NCC1=NC(=N)NN=N1,True
O1C=C2C=CN=C2N=N1,True
O1C=CC2=CC=CC2=N1,True
O1C=CC2=CN=CC2=N1,True
O1C=NC2=CC=CC2=N1,True
O1C=NC2=CN=CC2=N1,True
O1N=C2C=NN=CC2=N1,True
O1N=C2N=CC=NC2=N1,True
O1N=CC2=CN=CC2=N1,True
O1N=CC=C2C=CC=C12,True
O1N=CC=C2C=CN=C12,True
O1N=CC=C2C=NC=C12,True
O1N=CC=C2N=CC=C12,True
O1N=CN=C2C=CC=C12,True
O1N=CN=C2C=CN=C12,True
O1N=CN=C2C=NC=C12,True
O1N=CN=C2N=CC=C12,True
O1N=NC2=C1C=NC=N2,True
O1N=NC2=C1N=CC=N2,True
O1N=NC2=CC=CC2=N1,True
O1N=NC2=CC=NC2=N1,True
O1N=NC2=NC=NC2=N1,True
O1N=NC=C2C=CC=C12,True
O1N=NC=C2C=CN=C12,True
O1N=NC=C2N=CC=C12,True
O1N=NC=C2N=CN=C12,True
O=C1C=CC2=C1C=NN2,True
O=C1C=CC2=C1C=NO2,True
O=C1C=CC2=C1NN=C2,True
O=C1C=CC2=C1NN=N2,True
O=C1C=CC2=C1ON=C2,True
O=C1C=CC2=C1ON=N2,True
O=C1C=CN2N=CC=C12,True
O=C1C=CN2N=CN=C12,True
O=C1C=NNC(=O)N=C1,True
O=C1C=NOC(=O)N=C1,True
O=C1C=NOC=NC1=O,True
O=C1CC2=C(C1)N=NO2,True
O=C1CC2=C(N1)ON=N2,True
O=C1CCC2=C1ON=N2,True
O=C1N=NOC=C1C#N,True
O=C1N=NON=C1C#N,True
O=C1NC2=C(O1)N=NO2,True
O=C1NC2=C(ON=N2)O1,True
O=C1NCC2=C1ON=N2,True
O=C1NN=CN=C1C#C,True
O=C1NN=CN=CC1=O,True
O=C1NN=NC(=N1)C#C,True
O=C1NN=NC(=N1)C#N,True
O=C1NN=NC(=O)C=C1,True
O=C1NN=NC(=O)C=N1,True
O=C1NN=NC=CC1=O,True
O=C1OC2=C(O1)N=NO2,True
O=C1ON=C(C=N1)C#N,True
O=C1ON=C(N=C1)C#N,True
O=C1ON=CC(=N1)C#C,True
O=C1ON=CC(=N1)C#N,True
O=C1ON=CN=C1C#C,True
O=C1ON=CN=C1C#N,True
O=C1ON=CN=CC1=O,True
O=C1ON=NC=C1C#N,True
O=C1ON=NC=CC1=O,True
O=C1ON=NC=NC1=O,True
O=CC#CC1=CON=N1,True
O=CC(=O)C1=CC=NN1,True
O=CC(=O)C1=CC=NO1,True
O=CC(=O)C1=CNN=C1,True
O=CC(=O)C1=CON=C1,True
O=CC(=O)C1=CON=N1,True
O=CC(=O)C1=NC=NO1,True
O=CC(=O)C1=NNC=C1,True
O=CC(=O)C1=NNN=C1,True
O=CC(=O)C1=NOC=C1,True
O=CC(=O)C1=NOC=N1,True
O=CC(=O)C1=NON=C1,True
O=CC(=O)C1=NON=N1,True
O=CC(=O)N1C=CC=N1,True
O=CC(=O)N1C=CN=N1,True
O=CC(=O)N1C=NC=N1,True
O=CC(=O)N1C=NN=N1,True
O=CC(=O)N1N=CC=N1,True
O=CC(=O)N1N=CN=N1,True
O=CC(=O)N1N=NN=N1,True
O=CC1=CC(=O)NN=N1,True
O=CC1=CC(=O)ON=C1,True
O=CC1=CC(=O)ON=N1,True
O=CC1=CC=NNC1=O,True
O=CC1=CC=NOC1=O,True
O=CC1=CN=NNC1=O,True
O=CC1=CN=NOC1=O,True
O=CC1=NC(=O)C=NO1,True
O=CC1=NC(=O)N=NO1,True
O=CC1=NC(=O)NN=C1,True
O=CC1=NC(=O)NN=N1,True
O=CC1=NC(=O)ON=C1,True
O=CC1=NC=NNC1=O,True
O=CC1=NC=NOC1=O,True
O=CC1=NNC(=O)N=C1,True
O=CC1=NOC(=O)C=N1,True
O=CC1=NOC(=O)N=C1,True
O=CC1=NOC=CC1=O,True
O=CC1=NOC=NC1=O,True
O=CC1=NON=CC1=O,True
O=CC1=NON=NC1=O,True
O=CCC1=CN=CN=N1,True
O=CCC1=CN=NC=N1,True
O=CCC1=CN=NN=N1,True
O=CCC1=NC=CN=N1,True
O=CCC1=NC=NN=N1,True
O=CN1C=CC(=O)N=N1,True
O=CN1C=NC(=O)N=N1,True
O=CN1N=CC(=O)C=N1,True
O=CN1N=CC=NC1=O,True
O=CN1N=CN=CC1=O,True
O=CN1N=NC(=O)N=N1,True
O=CN1N=NC=NC1=O,True
O=CNC1=NC=CN=N1,True
O=CNC1=NC=NN=N1,True
O=COC1=NC=NN=N1,True
OC1=CC2=C(N1)ON=N2,True
OC1=CN=C(C=O)N=N1,True
OC1=NC=C(C=O)N=N1,True
OC1=NC=C(N=N1)C#N,True
OC1CC2=C(C1)N=NO2,True
OC1CCC2=C1ON=N2,True
OC1CNC2=C1N=NO2,True
OC1CNC2=C1ON=N2,True
OCC1=CN=C(O)N=N1,True
OCC1=NOC(=O)C=N1,True
OCC1=NON=CC1=O,True
OCC1=NON=NC1=O,True
OCCC1=CN=CN=N1,True
OCCC1=CN=NC=N1,True
OCCC1=CN=NN=N1,True
OCCC1=NC=CN=N1,True
OCCC1=NC=NN=N1,True
NC1=CNC=C1N(=O)=O,True
NC1=NNC(=C1)N(=O)=O,True
O=N(=O)C1=NC=NN=N1,True
CN=C1NC=C(F)N=C1,True
CN=C1NN=C(F)C=N1,True
CN=C1ON=NC(F)=N1,True
OC1=C(F)C(=O)N=NO1,True
FC1=C(F)C(=O)N=NO1,True
FC1=CN=C(C=O)N=N1,True
FC1=NC=C(C=O)N=N1,True
FC1=NC=C(N=N1)C#C,True
FC1=NC=C(N=N1)C#N,True
CC(=O)C(=O)C(F)(F)F,True
FC(F)(F)CC(=O)C=O,True
C1C=C2C3C4OC13C24,True
C1N2C3C4=CCC13C24,True
C1C2C3OC4C3C1=CC24,True
N1C2C3OC4C3C1=NC24,True
CC12C3C1C1=CC2=CC31,True
CC12C3N1C1C=C2C=C31,True
CC12C3N1C1=NC2C3=C1,True
OC12C3C1C1=CC2C3=C1,True
CC12C3C4CC1N=C4N23,True
OC12C3C1C1=NC2CN31,True
CC12C3C4N=C(C=C14)N23,True
CC12C3N1C1C=C3C=C21,True
CC12C3C1C1=CC3OC21,True
CC12C3C4CC1C(=N4)N23,True
OC12C3C1C1=CC3OC21,True
CC12C3C1N1CC3N=C21,True
OC12C3C1N1CC3N=C21,True
C1C2CC3OC4CC1C234,True
C1C2CN3CC4OC1C234,True
C1C2OC3CC4OC1C234,True
CC(=O)C=O,True
CC(=O)C(=O)C(C)=O,True
O=C(C#N)C(=O)C#N,True
O=CCCC(=O)C=O,True
CCC#CC(=O)C=O,True
OC1(CC1)C(=O)C=O,True
OC1C=CC(=O)C1=O,True
O=C1C2CC(O2)C1=O,True
CC1=NC=C(N)N=N1,True
CCC1=CN=NN=N1,True
NC1=NCC(=NO)C1=O,True
CC1OCC(=O)C1=NO,True
O1C=CC=C2C=NC=C12,True
O=C1C=CC2=C1C=CN2,True
O=CC(=O)C1=CNC=C1,True
N=C1NC=CN=C1C=O,True
OC1=CC(=O)C=NC=C1,True
O=C(C#C)C(=O)C1CO1,True
O=C(C#N)C1CCCN1,True
O=C1C2C3CN2C3C1=O,True
O=C1C=C2C3C4C3C1C24,True
O=C1CC2CC2CC1=O,True
O=C1NC2CNC2C1=O,True
O=C1NCC2(CO2)C1=O,True
O=C1CNCC=CC=C1,True
O=CC(=O)C1(CC1)C#C,True
O=CC(=O)C1=CCOC1,True
O=CC(=O)C1CN=CO1,True
O=CC(=O)C1OCCO1,True
O=CC(=O)CNCC#C,True
O=CC1=CC(=O)C(=O)N1,True
O=CC1=CCNCC1=O,True
O=CN1CC(=O)C(=O)C1,True
CC(=O)C(=O)C(=O)C#N,True
CN(C)C(=N)C(=O)C=O,True
CC(N(C)C)C(=O)C=O,True
OC(CC(=O)C=O)C#N,True
CC1(C)OC1C(=O)C=O,True
CC12C3C1C1=CC3C2C1,True
CC12C3C4CC1=CC4N23,True
CC1=C(C)C(=O)C(=O)C1,True
CN1C2CC1C(=O)C2=O,True
OC1C=CCC(=O)C1=O,True
OC1CCC(=O)C(=O)C1,True
CC1NCCC(=O)C1=O,True
CN=C1N2CC2CC1=O,True
NC(=O)C(=O)C#CCO,True
CCC#CCC(=O)C=O,True
CNC(=N)C(=O)C(N)=O,True
CCC(=O)C(=O)NC=N,True
OCC(=O)C(=O)NC=N,True
COC(C)C(=O)C(C)=O,True
CCN(C)CC(=O)C#N,True
CCC1=CNC(=N)C1=O,True
CCN1C=CC(=O)C1=O,True
CCN1CC(=O)C(=O)C1,True
CCN=C(C=O)N1CC1,True
CCNC(=N)C(=O)C#N,True
C1C2CC3=C(N=NO3)N12,True
C1C2N1CC1=C2ON=N1,True
C1CC1C1=NC=CN=N1,True
CC(=O)C1=CN=CN=N1,True
CC1=NC=C(C=O)N=N1,True
CCC1=CN=C(C)N=N1,True
CCN=C1NN=CC=N1,True
CN=C1N=CN=NN1C,True
N#CCC1=NC=NN=N1,True
N1N=NC=C2C=NC=C12,True
N=C1C=NON=NC1=O,True
N=C1NN=CC(=N1)C#C,True
NC1=CC2=C(N1)ON=N2,True
NC1=COC2=C1N=NO2,True
O1N=CN=C2N=CN=C12,True
O=C1C=NON=NC1=O,True
O=C1NC2=C(N1)N=NO2,True
O=C1ON=C(N=C1)C#C,True
O=C1ON=CC=CC1=O,True
O=CC(=O)C1=CN=NO1,True
O=CC1=CC(=O)C=NO1,True
OC1=NC=C(N=N1)C#C,True
NC1=COC=C1N(=O)=O,True
